"","elements_number","y_component_number","vector_length","temporary_size","load_overlap","threads_number","lws_y","time_per_pixel","row_number","measurement_order","experiment_id","slowdown","method"
"1",6,6,1,4,1,1024,4,1.18096841715479e-10,16041,93,1,1.01369529933502,"GPR"
"2",12,6,2,2,2,512,4,1.36418442758031e-10,10116,65,2,1.17096047750018,"GPR"
"3",6,6,1,4,1,1024,16,1.22460968799545e-10,13283,6,3,1.0511551928136,"GPR"
"4",6,6,1,2,1,1024,8,1.17642516833282e-10,19494,82,4,1.00979555916616,"GPR"
"5",24,6,4,2,2,256,4,1.43377486488586e-10,7217,113,5,1.23069408099929,"GPR"
"6",24,6,4,4,2,512,16,1.53241402479756e-10,19271,7,6,1.31536192755673,"GPR"
"7",5,5,1,4,1,128,4,1.22895935866513e-10,22861,13,7,1.0548887733628,"GPR"
"8",6,6,1,2,1,1024,2,1.20524986739671e-10,11920,89,8,1.03453750951924,"GPR"
"9",6,6,1,2,1,1024,8,1.17642516833282e-10,19494,29,9,1.00979555916616,"GPR"
"10",4,4,1,4,2,512,16,1.27430932130334e-10,4901,16,10,1.09381533844583,"GPR"
"11",6,6,1,2,2,1024,1,1.25629960742448e-10,14403,63,11,1.07835653189674,"GPR"
"12",6,6,1,4,2,1024,4,1.18152943056837e-10,12719,105,12,1.01417685045184,"GPR"
"13",20,5,1,4,2,512,2,1.6070314976955e-10,14444,96,13,1.37941053412924,"GPR"
"14",6,6,1,2,2,128,2,1.18080485105728e-10,11332,105,14,1.01355490084361,"GPR"
"15",6,6,1,2,1,1024,8,1.17642516833282e-10,19494,46,15,1.00979555916616,"GPR"
"16",6,6,1,4,1,512,4,1.1888726151874e-10,22752,83,16,1.02047994173043,"GPR"
"17",6,6,1,2,2,512,8,1.18283916839785e-10,17018,5,17,1.01530107618203,"GPR"
"18",6,6,1,2,2,1024,8,1.18235071768955e-10,9305,115,18,1.01488180994275,"GPR"
"19",6,6,1,4,2,1024,2,1.18398283203908e-10,14134,35,19,1.01628275057763,"GPR"
"20",6,6,1,2,2,1024,2,1.16501321248061e-10,13752,40,20,1,"GPR"
"21",6,6,1,4,1,1024,16,1.22460968799545e-10,13283,111,21,1.0511551928136,"GPR"
"22",12,6,1,2,2,256,2,1.36286375373921e-10,7935,65,22,1.169826864742,"GPR"
"23",12,6,1,2,2,128,2,1.39646781237429e-10,7170,4,23,1.19867122313648,"GPR"
"24",3,3,1,2,1,1024,32,1.42819696346756e-10,15956,2,24,1.22590623708598,"GPR"
"25",6,6,1,4,1,1024,4,1.18096841715479e-10,16041,87,25,1.01369529933502,"GPR"
"26",4,4,1,4,1,512,16,1.25718814598265e-10,2798,108,26,1.07911921728834,"GPR"
"27",24,6,1,2,2,256,2,1.45429235738413e-10,10992,65,27,1.24830546280893,"GPR"
"28",5,5,1,2,1,1024,2,1.24220644460169e-10,8688,6,28,1.06625953362084,"GPR"
"29",6,6,1,4,2,1024,1,1.29667282018423e-10,19245,25,29,1.1130112571198,"GPR"
"30",6,6,1,2,2,1024,2,1.16501321248061e-10,13752,101,30,1,"GPR"
"31",24,6,2,4,2,128,2,1.41639115932257e-10,19786,19,31,1.21577261454975,"GPR"
"32",6,6,1,2,1,512,1,1.19017365172127e-10,13437,52,32,1.02159669862205,"GPR"
"33",6,6,1,4,2,1024,4,1.18152943056837e-10,12719,81,33,1.01417685045184,"GPR"
"34",6,6,1,2,2,128,1,1.18258966570151e-10,16588,106,34,1.01508691320631,"GPR"
"35",5,5,1,2,1,512,1,1.22282330349011e-10,14708,35,35,1.04962183294592,"GPR"
"36",6,6,1,2,2,256,1,1.17919974204394e-10,17258,33,36,1.01217714049192,"GPR"
"37",6,6,1,2,2,1024,2,1.16501321248061e-10,13752,69,37,1,"GPR"
"38",6,6,1,2,2,1024,2,1.16501321248061e-10,13752,44,38,1,"GPR"
"39",6,6,1,2,2,256,1,1.17919974204394e-10,17258,36,39,1.01217714049192,"GPR"
"40",6,6,1,4,2,1024,4,1.18152943056837e-10,12719,36,40,1.01417685045184,"GPR"
"41",6,6,1,2,1,1024,2,1.20524986739671e-10,11920,23,41,1.03453750951924,"GPR"
"42",12,6,2,2,2,128,1,1.38258953067267e-10,9343,72,42,1.18675867008305,"GPR"
"43",5,5,1,4,2,1024,32,1.27482458397912e-10,10562,23,43,1.09425761898844,"GPR"
"44",6,6,1,2,1,256,1,1.18202032710546e-10,19283,63,44,1.01459821609115,"GPR"
"45",6,6,1,2,1,256,1,1.18202032710546e-10,19283,71,45,1.01459821609115,"GPR"
"46",6,6,1,2,2,1024,8,1.18235071768955e-10,9305,34,46,1.01488180994275,"GPR"
"47",6,6,1,2,1,1024,8,1.17642516833282e-10,19494,112,47,1.00979555916616,"GPR"
"48",24,6,1,4,2,128,1,1.41490786848524e-10,10638,109,48,1.21449941797015,"GPR"
"49",6,6,1,2,1,128,4,1.17732534790262e-10,14258,111,49,1.01056823672909,"GPR"
"50",24,6,2,2,2,128,1,1.42628496494094e-10,20379,80,50,1.22426505524689,"GPR"
"51",6,6,1,2,1,256,4,1.17149348789584e-10,9843,74,51,1.00556240508331,"GPR"
"52",24,6,1,2,1,512,4,1.49186627382953e-10,20276,81,52,1.28055738582824,"GPR"
"53",6,6,1,2,1,1024,8,1.17642516833282e-10,19494,89,53,1.00979555916616,"GPR"
"54",6,6,1,4,1,1024,1,1.25373995702647e-10,19156,26,54,1.0761594320093,"GPR"
"55",6,6,1,2,2,1024,2,1.16501321248061e-10,13752,34,55,1,"GPR"
"56",12,6,2,2,1,256,2,1.37455954892558e-10,15765,1,56,1.17986606005848,"GPR"
"57",6,6,1,4,2,1024,4,1.18152943056837e-10,12719,106,57,1.01417685045184,"GPR"
"58",6,6,1,2,2,512,8,1.18283916839785e-10,17018,77,58,1.01530107618203,"GPR"
"59",24,6,4,4,2,256,4,1.45097021726241e-10,18889,64,59,1.24545387272726,"GPR"
"60",6,6,1,2,1,256,1,1.18202032710546e-10,19283,19,60,1.01459821609115,"GPR"
"61",5,5,1,4,2,1024,8,1.22673693643043e-10,17889,18,61,1.0529811364271,"GPR"
"62",24,6,1,4,1,512,8,1.50647308437988e-10,10318,38,62,1.29309527844084,"GPR"
"63",6,6,1,2,2,512,8,1.18283916839785e-10,17018,46,63,1.01530107618203,"GPR"
"64",6,6,1,2,1,1024,4,1.18746991977228e-10,9539,114,64,1.01927592498616,"GPR"
"65",6,6,1,2,2,1024,2,1.16501321248061e-10,13752,85,65,1,"GPR"
"66",12,6,1,4,1,128,4,1.39484995199273e-10,10377,22,66,1.19728251752848,"GPR"
"67",6,6,1,4,2,1024,4,1.18152943056837e-10,12719,93,67,1.01417685045184,"GPR"
"68",5,5,1,4,2,1024,32,1.27482458397912e-10,10562,67,68,1.09425761898844,"GPR"
"69",6,6,1,2,1,1024,8,1.17642516833282e-10,19494,41,69,1.00979555916616,"GPR"
"70",6,6,1,2,1,1024,8,1.17642516833282e-10,19494,36,70,1.00979555916616,"GPR"
"71",4,4,1,4,1,256,4,1.28845887884033e-10,2557,14,71,1.10596074365275,"GPR"
"72",24,6,1,4,2,128,1,1.41490786848524e-10,10638,50,72,1.21449941797015,"GPR"
"73",6,6,1,2,2,128,1,1.18258966570151e-10,16588,120,73,1.01508691320631,"GPR"
"74",6,6,1,2,1,1024,8,1.17642516833282e-10,19494,111,74,1.00979555916616,"GPR"
"75",6,6,1,2,2,128,2,1.18080485105728e-10,11332,45,75,1.01355490084361,"GPR"
"76",6,6,1,2,1,1024,4,1.18746991977228e-10,9539,117,76,1.01927592498616,"GPR"
"77",6,6,1,4,1,1024,16,1.22460968799545e-10,13283,118,77,1.0511551928136,"GPR"
"78",6,6,1,2,1,1024,8,1.17642516833282e-10,19494,118,78,1.00979555916616,"GPR"
"79",6,6,1,2,1,1024,8,1.17642516833282e-10,19494,103,79,1.00979555916616,"GPR"
"80",6,6,1,4,2,128,2,1.18746687810648e-10,21312,76,80,1.01927331414384,"GPR"
"81",6,6,1,2,1,1024,8,1.17642516833282e-10,19494,69,81,1.00979555916616,"GPR"
"82",5,5,1,2,2,128,1,1.22082511768545e-10,15664,21,82,1.04790667144968,"GPR"
"83",6,6,1,2,2,256,1,1.17919974204394e-10,17258,61,83,1.01217714049192,"GPR"
"84",6,6,1,2,2,256,1,1.17919974204394e-10,17258,45,84,1.01217714049192,"GPR"
"85",6,6,1,2,2,256,1,1.17919974204394e-10,17258,40,85,1.01217714049192,"GPR"
"86",6,6,1,2,2,1024,2,1.16501321248061e-10,13752,46,86,1,"GPR"
"87",4,4,1,4,1,1024,16,1.2941581237827e-10,18978,22,87,1.11085274391618,"GPR"
"88",24,6,4,4,1,64,1,1.42727520714403e-10,21166,26,88,1.22511503891444,"GPR"
"89",6,6,1,2,2,512,1,1.19115341444505e-10,7602,51,89,1.02243768713042,"GPR"
"90",24,6,1,2,2,128,4,1.42583344716509e-10,16276,81,90,1.22387749073602,"GPR"
"91",6,6,1,2,1,1024,16,1.19644084929894e-10,12727,98,91,1.02697620634826,"GPR"
"92",6,6,1,2,2,1024,2,1.16501321248061e-10,13752,59,92,1,"GPR"
"93",3,3,1,2,2,1024,8,1.36548767259252e-10,18072,19,93,1.17207913005986,"GPR"
"94",6,6,1,2,1,1024,16,1.19644084929894e-10,12727,3,94,1.02697620634826,"GPR"
"95",24,6,1,2,1,128,2,1.42736530572719e-10,10868,68,95,1.22519237587697,"GPR"
"96",6,6,1,4,1,256,4,1.18527144018137e-10,22566,93,96,1.01738883944297,"GPR"
"97",6,6,1,2,2,1024,2,1.16501321248061e-10,13752,30,97,1,"GPR"
"98",5,5,1,2,2,256,1,1.18611767942795e-10,20362,82,98,1.01811521682436,"GPR"
"99",6,6,1,4,2,1024,1,1.29667282018423e-10,19245,37,99,1.1130112571198,"GPR"
"100",6,6,1,2,2,256,1,1.17919974204394e-10,17258,88,100,1.01217714049192,"GPR"
"101",6,6,1,2,2,256,2,1.1808319494789e-10,21903,1,101,1.01357816102755,"GPR"
"102",6,6,1,2,2,1024,2,1.16501321248061e-10,13752,82,102,1,"GPR"
"103",5,5,1,4,2,512,4,1.23323792879451e-10,13216,57,103,1.05856132409746,"GPR"
"104",6,6,1,2,2,1024,2,1.16501321248061e-10,13752,50,104,1,"GPR"
"105",6,6,1,2,2,1024,2,1.16501321248061e-10,13752,104,105,1,"GPR"
"106",6,6,1,4,1,1024,4,1.18096841715479e-10,16041,75,106,1.01369529933502,"GPR"
"107",6,6,1,2,1,256,4,1.17149348789584e-10,9843,44,107,1.00556240508331,"GPR"
"108",6,6,1,4,2,1024,1,1.29667282018423e-10,19245,81,108,1.1130112571198,"GPR"
"109",24,6,1,4,1,128,2,1.41304849053931e-10,12321,109,109,1.21290340349923,"GPR"
"110",6,6,1,2,1,512,8,1.19268542616746e-10,20584,54,110,1.02375270373794,"GPR"
"111",5,5,1,2,1,1024,32,1.26608226818731e-10,21998,112,111,1.08675357036638,"GPR"
"112",6,6,1,4,2,1024,4,1.18152943056837e-10,12719,53,112,1.01417685045184,"GPR"
"113",24,6,2,4,2,256,4,1.44647059124767e-10,19548,5,113,1.24159157660347,"GPR"
"114",6,6,1,2,2,1024,16,1.20103281224236e-10,13436,1,114,1.03091776073943,"GPR"
"115",6,6,1,2,2,1024,2,1.16501321248061e-10,13752,119,115,1,"GPR"
"116",3,3,1,4,1,256,8,1.37313097436327e-10,2843,20,116,1.1786398297059,"GPR"
"117",6,6,1,2,1,512,1,1.19017365172127e-10,13437,43,117,1.02159669862205,"GPR"
"118",6,6,1,2,2,1024,8,1.18235071768955e-10,9305,75,118,1.01488180994275,"GPR"
"119",8,4,2,2,1,256,1,1.47650342064181e-10,19908,11,119,1.26737053693834,"GPR"
"120",12,6,1,4,1,128,1,1.39092203574676e-10,21289,61,120,1.19391095383813,"GPR"
"121",6,6,1,2,1,1024,2,1.20524986739671e-10,11920,50,121,1.03453750951924,"GPR"
"122",3,3,1,4,2,1024,2,1.39399631012218e-10,17361,120,122,1.19654978603548,"GPR"
"123",6,6,1,2,2,128,2,1.18080485105728e-10,11332,90,123,1.01355490084361,"GPR"
"124",6,6,1,4,1,1024,1,1.25373995702647e-10,19156,30,124,1.0761594320093,"GPR"
"125",6,6,1,2,2,1024,2,1.16501321248061e-10,13752,91,125,1,"GPR"
"126",5,5,1,2,2,1024,4,1.22095092329485e-10,11038,23,126,1.04801465787253,"GPR"
"127",8,4,1,4,1,256,8,1.51838645587932e-10,17643,18,127,1.30332123242301,"GPR"
"128",24,6,1,4,2,128,1,1.41490786848524e-10,10638,31,128,1.21449941797015,"GPR"
"129",24,6,1,2,1,256,4,1.43289319112263e-10,14416,33,129,1.22993728806872,"GPR"
"130",6,6,1,2,2,1024,2,1.16501321248061e-10,13752,32,130,1,"GPR"
"131",6,6,1,4,1,1024,4,1.18096841715479e-10,16041,83,131,1.01369529933502,"GPR"
"132",5,5,1,4,1,512,16,1.24692240135041e-10,20266,24,132,1.07030751925585,"GPR"
"133",3,3,1,2,1,128,2,1.38219594996848e-10,4786,13,133,1.18642083640015,"GPR"
"134",6,6,1,4,1,128,2,1.18718825467539e-10,8810,52,134,1.01903415511276,"GPR"
"135",4,4,1,2,2,1024,4,1.31720001363936e-10,10914,3,135,1.1306309658366,"GPR"
"136",6,6,1,2,2,1024,16,1.20103281224236e-10,13436,101,136,1.03091776073943,"GPR"
"137",4,4,1,4,1,512,2,1.25669123061854e-10,1377,118,137,1.07869268533249,"GPR"
"138",6,6,1,4,1,1024,1,1.25373995702647e-10,19156,42,138,1.0761594320093,"GPR"
"139",6,6,1,2,2,1024,4,1.17842155236017e-10,12261,101,139,1.01150917408997,"GPR"
"140",6,6,1,4,2,512,8,1.18144018844621e-10,8830,100,140,1.01410024864063,"GPR"
"141",6,6,1,4,1,1024,2,1.18717485534039e-10,15493,70,141,1.01902265366809,"GPR"
"142",24,6,1,4,1,256,8,1.44483256505832e-10,14713,67,142,1.24018556148552,"GPR"
"143",6,6,1,2,1,256,4,1.17149348789584e-10,9843,75,143,1.00556240508331,"GPR"
"144",6,6,1,2,1,512,1,1.19017365172127e-10,13437,27,144,1.02159669862205,"GPR"
"145",5,5,1,2,2,512,16,1.25137945842182e-10,21142,17,145,1.07413327592852,"GPR"
"146",6,6,1,2,1,256,1,1.18202032710546e-10,19283,89,146,1.01459821609115,"GPR"
"147",3,3,1,4,1,512,4,1.35429549481083e-10,4213,7,147,1.16247221945851,"GPR"
"148",6,6,1,4,2,1024,4,1.18152943056837e-10,12719,103,148,1.01417685045184,"GPR"
"149",5,5,1,4,1,512,1,1.26528922085328e-10,7136,9,149,1.08607285076119,"GPR"
"150",4,4,1,4,1,512,1,1.29084048980831e-10,3386,56,150,1.10800502172827,"GPR"
"151",3,3,1,2,2,256,8,1.38228447244168e-10,1706,17,151,1.18649682049394,"GPR"
"152",12,6,1,2,1,128,2,1.37325279558869e-10,16313,6,152,1.17874439609546,"GPR"
"153",24,6,1,2,1,256,4,1.43289319112263e-10,14416,120,153,1.22993728806872,"GPR"
"154",12,6,1,4,1,256,2,1.3812927389234e-10,14118,20,154,1.18564555674203,"GPR"
"155",5,5,1,2,1,128,4,1.18634851028728e-10,10280,15,155,1.01831335265394,"GPR"
"156",6,6,1,4,2,256,8,1.19614452797975e-10,14451,96,156,1.02672185616921,"GPR"
"157",12,6,1,2,2,128,1,1.38558641487853e-10,12633,98,157,1.18933107370367,"GPR"
"158",6,6,1,2,2,1024,8,1.18235071768955e-10,9305,51,158,1.01488180994275,"GPR"
"159",24,6,1,2,1,256,8,1.45709326078253e-10,20796,53,159,1.25070964446833,"GPR"
"160",6,6,1,2,1,256,1,1.18202032710546e-10,19283,43,160,1.01459821609115,"GPR"
"161",5,5,1,2,1,128,2,1.18427245214453e-10,6418,98,161,1.01653134870712,"GPR"
"162",12,6,1,2,2,512,2,1.38215229148311e-10,18203,77,162,1.18638336173043,"GPR"
"163",24,6,4,4,1,128,1,1.43059122228885e-10,10450,78,163,1.22796137156483,"GPR"
"164",6,6,1,4,1,128,4,1.20370127713727e-10,16969,10,164,1.03320826256921,"GPR"
"165",24,6,1,2,1,256,4,1.43289319112263e-10,14416,87,165,1.22993728806872,"GPR"
"166",6,6,1,2,2,256,1,1.17919974204394e-10,17258,31,166,1.01217714049192,"GPR"
"167",6,6,1,4,1,1024,1,1.25373995702647e-10,19156,120,167,1.0761594320093,"GPR"
"168",4,4,1,4,2,128,4,1.26678340558663e-10,2414,2,168,1.08735539821846,"GPR"
"169",4,4,1,2,1,128,4,1.28025322109481e-10,1373,15,169,1.09891734048992,"GPR"
"170",24,6,1,4,1,128,2,1.41304849053931e-10,12321,120,170,1.21290340349923,"GPR"
"171",12,6,1,2,2,256,2,1.36286375373921e-10,7935,43,171,1.169826864742,"GPR"
"172",6,6,1,2,2,128,2,1.18080485105728e-10,11332,103,172,1.01355490084361,"GPR"
"173",6,6,1,2,2,1024,4,1.17842155236017e-10,12261,43,173,1.01150917408997,"GPR"
"174",6,6,1,4,1,1024,4,1.18096841715479e-10,16041,81,174,1.01369529933502,"GPR"
"175",3,3,1,2,1,1024,4,1.36603833125993e-10,22129,107,175,1.17255179308334,"GPR"
"176",24,6,1,4,2,256,1,1.47210977621794e-10,20461,43,176,1.26359921110546,"GPR"
"177",24,6,1,4,1,128,2,1.41304849053931e-10,12321,110,177,1.21290340349923,"GPR"
"178",6,6,1,4,1,256,1,1.19886821794317e-10,8697,26,178,1.02905976095368,"GPR"
"179",4,4,1,2,2,256,2,1.28807654909845e-10,1115,8,179,1.1056325673387,"GPR"
"180",6,6,1,4,1,1024,2,1.18717485534039e-10,15493,8,180,1.01902265366809,"GPR"
"181",6,6,1,2,2,256,1,1.17919974204394e-10,17258,103,181,1.01217714049192,"GPR"
"182",12,6,1,4,1,128,1,1.39092203574676e-10,21289,115,182,1.19391095383813,"GPR"
"183",6,6,1,4,2,256,4,1.19017999801124e-10,9365,108,183,1.02160214601947,"GPR"
"184",6,6,1,4,1,1024,4,1.18096841715479e-10,16041,90,184,1.01369529933502,"GPR"
"185",12,6,1,4,1,512,8,1.37625823874028e-10,22573,17,185,1.1813241463673,"GPR"
"186",24,6,1,4,2,128,1,1.41490786848524e-10,10638,87,186,1.21449941797015,"GPR"
"187",6,6,1,2,2,1024,2,1.16501321248061e-10,13752,8,187,1,"GPR"
"188",6,6,1,4,2,256,1,1.20016645514951e-10,13669,43,188,1.0301741150163,"GPR"
"189",6,6,1,2,2,1024,4,1.17842155236017e-10,12261,54,189,1.01150917408997,"GPR"
"190",5,5,1,4,1,512,2,1.22636208874517e-10,12393,22,190,1.05265938240643,"GPR"
"191",6,6,1,4,1,1024,4,1.18096841715479e-10,16041,96,191,1.01369529933502,"GPR"
"192",5,5,1,2,1,256,4,1.17561537135523e-10,10660,15,192,1.00910046234759,"GPR"
"193",6,6,1,4,1,1024,2,1.18717485534039e-10,15493,46,193,1.01902265366809,"GPR"
"194",6,6,1,2,2,256,1,1.17919974204394e-10,17258,65,194,1.01217714049192,"GPR"
"195",4,4,1,4,1,512,2,1.25669123061854e-10,1377,21,195,1.07869268533249,"GPR"
"196",6,6,1,2,2,1024,2,1.16501321248061e-10,13752,32,196,1,"GPR"
"197",5,5,1,2,2,512,4,1.180929223999e-10,12450,64,197,1.01366165752275,"GPR"
"198",6,6,1,2,2,1024,2,1.16501321248061e-10,13752,44,198,1,"GPR"
"199",6,6,1,2,2,1024,2,1.16501321248061e-10,13752,77,199,1,"GPR"
"200",6,6,1,2,1,1024,8,1.17642516833282e-10,19494,19,200,1.00979555916616,"GPR"
"201",6,6,1,4,1,128,2,1.18718825467539e-10,8810,64,201,1.01903415511276,"GPR"
"202",24,6,1,4,1,512,16,1.54663482128988e-10,22277,104,202,1.32756848138803,"GPR"
"203",6,6,1,2,1,128,4,1.17732534790262e-10,14258,51,203,1.01056823672909,"GPR"
"204",6,6,1,4,1,256,4,1.18527144018137e-10,22566,75,204,1.01738883944297,"GPR"
"205",6,6,1,2,1,256,1,1.18202032710546e-10,19283,30,205,1.01459821609115,"GPR"
"206",6,6,1,4,1,512,2,1.19525529098963e-10,10057,106,206,1.02595857127202,"GPR"
"207",24,6,1,4,2,64,1,1.42689184544634e-10,12001,97,207,1.22478597681147,"GPR"
"208",6,6,1,2,2,512,2,1.1836397813052e-10,22975,53,208,1.01598828976791,"GPR"
"209",6,6,1,2,2,1024,4,1.17842155236017e-10,12261,38,209,1.01150917408997,"GPR"
"210",6,6,1,2,2,512,1,1.19115341444505e-10,7602,90,210,1.02243768713042,"GPR"
"211",3,3,1,2,2,512,1,1.42725551340083e-10,1134,8,211,1.22509813460556,"GPR"
"212",6,6,1,4,2,1024,32,1.28655386741334e-10,21997,88,212,1.10432555925605,"GPR"
"213",5,5,1,4,1,512,8,1.22080038327934e-10,16879,4,213,1.04788544044058,"GPR"
"214",4,4,1,4,1,512,2,1.25669123061854e-10,1377,10,214,1.07869268533249,"GPR"
"215",6,6,1,2,2,1024,2,1.16501321248061e-10,13752,110,215,1,"GPR"
"216",3,3,1,4,2,512,8,1.38397781386379e-10,4056,8,216,1.18795031595989,"GPR"
"217",6,6,1,2,2,512,1,1.19115341444505e-10,7602,30,217,1.02243768713042,"GPR"
"218",6,6,1,2,2,1024,2,1.16501321248061e-10,13752,104,218,1,"GPR"
"219",5,5,1,2,1,1024,8,1.22360757184054e-10,9325,75,219,1.05029501702832,"GPR"
"220",6,6,1,2,2,512,4,1.1835008391896e-10,8835,111,220,1.01586902750195,"GPR"
"221",24,6,1,2,2,256,2,1.45429235738413e-10,10992,46,221,1.24830546280893,"GPR"
"222",6,6,1,4,1,1024,4,1.18096841715479e-10,16041,10,222,1.01369529933502,"GPR"
"223",5,5,1,4,1,256,1,1.21422039933002e-10,17471,116,223,1.04223744960337,"GPR"
"224",24,6,4,4,1,256,1,1.48658836117634e-10,22678,15,224,1.27602704008053,"GPR"
"225",24,6,2,2,2,128,1,1.42628496494094e-10,20379,110,225,1.22426505524689,"GPR"
"226",6,6,1,4,1,1024,16,1.22460968799545e-10,13283,90,226,1.0511551928136,"GPR"
"227",24,6,1,2,1,256,4,1.43289319112263e-10,14416,37,227,1.22993728806872,"GPR"
"228",6,6,1,2,1,1024,16,1.19644084929894e-10,12727,49,228,1.02697620634826,"GPR"
"229",6,6,1,4,2,512,8,1.18144018844621e-10,8830,113,229,1.01410024864063,"GPR"
"230",6,6,1,2,1,1024,16,1.19644084929894e-10,12727,97,230,1.02697620634826,"GPR"
"231",6,6,1,4,2,1024,4,1.18152943056837e-10,12719,37,231,1.01417685045184,"GPR"
"232",6,6,1,4,2,128,2,1.18746687810648e-10,21312,113,232,1.01927331414384,"GPR"
"233",24,6,4,2,1,256,4,1.43064682433489e-10,17274,57,233,1.2280090981017,"GPR"
"234",6,6,1,2,2,1024,8,1.18235071768955e-10,9305,69,234,1.01488180994275,"GPR"
"235",6,6,1,4,1,1024,4,1.18096841715479e-10,16041,69,235,1.01369529933502,"GPR"
"236",24,6,1,4,2,256,1,1.47210977621794e-10,20461,102,236,1.26359921110546,"GPR"
"237",6,6,1,4,2,1024,4,1.18152943056837e-10,12719,38,237,1.01417685045184,"GPR"
"238",6,6,1,4,1,1024,4,1.18096841715479e-10,16041,99,238,1.01369529933502,"GPR"
"239",6,6,1,4,1,512,2,1.19525529098963e-10,10057,19,239,1.02595857127202,"GPR"
"240",12,6,1,2,2,256,8,1.39933295571822e-10,12440,14,240,1.20113054575465,"GPR"
"241",5,5,1,2,2,1024,4,1.22095092329485e-10,11038,99,241,1.04801465787253,"GPR"
"242",6,6,1,2,1,512,2,1.20524589039226e-10,21425,54,242,1.03453409582023,"GPR"
"243",6,6,1,2,1,1024,8,1.17642516833282e-10,19494,34,243,1.00979555916616,"GPR"
"244",3,3,1,4,2,256,4,1.35697524537269e-10,6239,19,244,1.1647724084462,"GPR"
"245",6,6,1,4,1,1024,1,1.25373995702647e-10,19156,33,245,1.0761594320093,"GPR"
"246",5,5,1,4,1,1024,4,1.23332235012527e-10,19772,7,246,1.05863378793723,"GPR"
"247",6,6,1,4,1,256,4,1.18527144018137e-10,22566,37,247,1.01738883944297,"GPR"
"248",4,4,1,2,1,1024,2,1.31264736915476e-10,20151,35,248,1.12672316081274,"GPR"
"249",6,6,1,2,1,1024,2,1.20524986739671e-10,11920,107,249,1.03453750951924,"GPR"
"250",6,6,1,4,2,1024,4,1.18152943056837e-10,12719,25,250,1.01417685045184,"GPR"
"251",6,6,1,2,1,256,1,1.18202032710546e-10,19283,33,251,1.01459821609115,"GPR"
"252",6,6,1,4,1,512,8,1.18483530341257e-10,22635,90,252,1.01701447736352,"GPR"
"253",6,6,1,2,1,1024,32,1.30214124849928e-10,19394,97,253,1.11770513376984,"GPR"
"254",6,6,1,4,2,1024,4,1.18152943056837e-10,12719,89,254,1.01417685045184,"GPR"
"255",24,6,1,4,2,512,4,1.49836739442439e-10,14918,47,255,1.28613768356668,"GPR"
"256",6,6,1,4,1,1024,4,1.18096841715479e-10,16041,46,256,1.01369529933502,"GPR"
"257",24,6,1,2,1,256,4,1.43289319112263e-10,14416,113,257,1.22993728806872,"GPR"
"258",6,6,1,4,1,256,1,1.19886821794317e-10,8697,37,258,1.02905976095368,"GPR"
"259",6,6,1,4,2,256,8,1.19614452797975e-10,14451,16,259,1.02672185616921,"GPR"
"260",4,4,1,2,1,1024,4,1.31614617171839e-10,15021,19,260,1.12972639075567,"GPR"
"261",4,4,1,2,1,256,2,1.27851671079944e-10,1788,21,261,1.09742679061737,"GPR"
"262",6,6,1,2,1,256,4,1.17149348789584e-10,9843,58,262,1.00556240508331,"GPR"
"263",24,6,2,2,1,128,1,1.43562117820356e-10,17314,83,263,1.23227888132423,"GPR"
"264",24,6,1,4,1,256,2,1.43321809384467e-10,19560,116,264,1.23021617136253,"GPR"
"265",6,6,1,4,1,1024,1,1.25373995702647e-10,19156,31,265,1.0761594320093,"GPR"
"266",6,6,1,4,1,1024,4,1.18096841715479e-10,16041,113,266,1.01369529933502,"GPR"
"267",6,6,1,2,2,1024,2,1.16501321248061e-10,13752,55,267,1,"GPR"
"268",5,5,1,2,1,128,4,1.18634851028728e-10,10280,9,268,1.01831335265394,"GPR"
"269",6,6,1,2,2,1024,2,1.16501321248061e-10,13752,12,269,1,"GPR"
"270",6,6,1,4,2,512,1,1.21269798663001e-10,22822,4,270,1.0409306724066,"GPR"
"271",6,6,1,2,2,1024,1,1.25629960742448e-10,14403,67,271,1.07835653189674,"GPR"
"272",24,6,1,2,2,256,2,1.45429235738413e-10,10992,11,272,1.24830546280893,"GPR"
"273",5,5,1,2,1,512,1,1.22282330349011e-10,14708,65,273,1.04962183294592,"GPR"
"274",6,6,1,2,2,256,1,1.17919974204394e-10,17258,81,274,1.01217714049192,"GPR"
"275",6,6,1,4,1,1024,16,1.22460968799545e-10,13283,79,275,1.0511551928136,"GPR"
"276",6,6,1,4,2,1024,16,1.22014273387987e-10,18743,119,276,1.04732094092038,"GPR"
"277",6,6,1,4,2,1024,4,1.18152943056837e-10,12719,50,277,1.01417685045184,"GPR"
"278",24,6,1,4,2,256,1,1.47210977621794e-10,20461,70,278,1.26359921110546,"GPR"
"279",6,6,1,4,2,1024,4,1.18152943056837e-10,12719,39,279,1.01417685045184,"GPR"
"280",6,6,1,2,2,1024,2,1.16501321248061e-10,13752,68,280,1,"GPR"
"281",24,6,1,4,1,256,1,1.47370854872782e-10,16686,90,281,1.26497153246006,"GPR"
"282",24,6,1,4,1,256,2,1.43321809384467e-10,19560,117,282,1.23021617136253,"GPR"
"283",6,6,1,4,2,256,8,1.19614452797975e-10,14451,12,283,1.02672185616921,"GPR"
"284",12,6,1,4,1,256,2,1.3812927389234e-10,14118,63,284,1.18564555674203,"GPR"
"285",12,6,2,4,1,128,1,1.3888601664803e-10,8240,19,285,1.19214112904613,"GPR"
"286",5,5,1,4,1,512,16,1.24692240135041e-10,20266,6,286,1.07030751925585,"GPR"
"287",24,6,1,4,1,512,4,1.50764574899702e-10,20541,48,287,1.29410184609568,"GPR"
"288",6,6,1,4,2,1024,4,1.18152943056837e-10,12719,32,288,1.01417685045184,"GPR"
"289",5,5,1,2,2,256,1,1.18611767942795e-10,20362,83,289,1.01811521682436,"GPR"
"290",24,6,1,4,2,256,1,1.47210977621794e-10,20461,87,290,1.26359921110546,"GPR"
"291",24,6,1,2,2,256,4,1.43133545809889e-10,9473,75,291,1.22860019334134,"GPR"
"292",6,6,1,2,2,1024,2,1.16501321248061e-10,13752,62,292,1,"GPR"
"293",6,6,1,2,2,128,2,1.18080485105728e-10,11332,2,293,1.01355490084361,"GPR"
"294",6,6,1,2,2,64,2,1.27181525294686e-10,9002,46,294,1.09167453151783,"GPR"
"295",6,6,1,4,1,512,4,1.1888726151874e-10,22752,59,295,1.02047994173043,"GPR"
"296",6,6,1,4,1,1024,4,1.18096841715479e-10,16041,99,296,1.01369529933502,"GPR"
"297",6,6,1,2,2,1024,4,1.17842155236017e-10,12261,47,297,1.01150917408997,"GPR"
"298",6,6,1,2,2,512,1,1.19115341444505e-10,7602,87,298,1.02243768713042,"GPR"
"299",6,6,1,4,2,1024,4,1.18152943056837e-10,12719,25,299,1.01417685045184,"GPR"
"300",6,6,1,2,1,512,8,1.19268542616746e-10,20584,21,300,1.02375270373794,"GPR"
"301",6,6,1,2,2,128,4,1.20030993404934e-10,11085,24,301,1.03029727147349,"GPR"
"302",3,3,1,4,1,256,4,1.36817863070223e-10,412,16,302,1.17438893915119,"GPR"
"303",6,6,1,2,2,256,1,1.17919974204394e-10,17258,109,303,1.01217714049192,"GPR"
"304",6,6,1,4,2,512,2,1.20138723404379e-10,12314,83,304,1.03122198201146,"GPR"
"305",5,5,1,4,2,256,8,1.22538344930662e-10,13494,49,305,1.05181935808046,"GPR"
"306",6,6,1,2,1,1024,1,1.28669181117226e-10,19807,45,306,1.10444396457321,"GPR"
"307",3,3,1,2,1,1024,1,1.47877079673303e-10,12125,29,307,1.26931676043772,"GPR"
"308",6,6,1,2,1,1024,8,1.17642516833282e-10,19494,88,308,1.00979555916616,"GPR"
"309",24,6,1,4,2,512,8,1.49168193541509e-10,20869,64,309,1.28039915722407,"GPR"
"310",12,6,1,4,2,64,1,1.39895340781843e-10,18070,23,310,1.20080475726082,"GPR"
"311",4,4,1,2,1,1024,4,1.31614617171839e-10,15021,8,311,1.12972639075567,"GPR"
"312",12,6,2,2,2,128,1,1.38258953067267e-10,9343,94,312,1.18675867008305,"GPR"
"313",6,6,1,4,1,1024,1,1.25373995702647e-10,19156,31,313,1.0761594320093,"GPR"
"314",6,6,1,4,1,512,4,1.1888726151874e-10,22752,71,314,1.02047994173043,"GPR"
"315",12,6,1,4,1,256,4,1.38909952667585e-10,18141,18,315,1.19234658611133,"GPR"
"316",6,6,1,2,1,256,4,1.17149348789584e-10,9843,45,316,1.00556240508331,"GPR"
"317",24,6,1,4,1,1024,16,1.78371579121577e-10,19878,91,317,1.53106915192642,"GPR"
"318",4,4,1,2,1,256,1,1.28928275881999e-10,3814,58,318,1.10666792874801,"GPR"
"319",6,6,1,2,1,1024,4,1.18746991977228e-10,9539,89,319,1.01927592498616,"GPR"
"320",12,6,2,4,1,512,4,1.3540030760049e-10,17701,102,320,1.16222121903826,"GPR"
"321",4,4,1,4,2,512,2,1.23999015246297e-10,5793,20,321,1.06435715851043,"GPR"
"322",4,4,1,4,1,256,4,1.28845887884033e-10,2557,112,322,1.10596074365275,"GPR"
"323",6,6,1,4,1,1024,4,1.18096841715479e-10,16041,51,323,1.01369529933502,"GPR"
"324",6,6,1,2,2,1024,2,1.16501321248061e-10,13752,112,324,1,"GPR"
"325",6,6,1,2,1,1024,8,1.17642516833282e-10,19494,113,325,1.00979555916616,"GPR"
"326",6,6,1,2,1,1024,8,1.17642516833282e-10,19494,94,326,1.00979555916616,"GPR"
"327",6,6,1,2,1,128,4,1.17732534790262e-10,14258,63,327,1.01056823672909,"GPR"
"328",6,6,1,2,2,1024,2,1.16501321248061e-10,13752,38,328,1,"GPR"
"329",6,6,1,4,2,256,4,1.19017999801124e-10,9365,43,329,1.02160214601947,"GPR"
"330",10,5,2,2,2,128,2,1.46407647202454e-10,22501,19,330,1.25670374922799,"GPR"
"331",6,6,1,4,1,256,4,1.18527144018137e-10,22566,42,331,1.01738883944297,"GPR"
"332",6,6,1,2,2,1024,1,1.25629960742448e-10,14403,40,332,1.07835653189674,"GPR"
"333",6,6,1,4,2,1024,2,1.18398283203908e-10,14134,42,333,1.01628275057763,"GPR"
"334",6,6,1,2,2,1024,2,1.16501321248061e-10,13752,54,334,1,"GPR"
"335",6,6,1,4,2,1024,16,1.22014273387987e-10,18743,115,335,1.04732094092038,"GPR"
"336",6,6,1,2,1,1024,4,1.18746991977228e-10,9539,52,336,1.01927592498616,"GPR"
"337",6,6,1,2,2,1024,2,1.16501321248061e-10,13752,98,337,1,"GPR"
"338",5,5,1,4,2,1024,16,1.26535757573826e-10,17689,23,338,1.08613152381679,"GPR"
"339",24,6,1,2,1,128,2,1.42736530572719e-10,10868,69,339,1.22519237587697,"GPR"
"340",6,6,1,4,2,256,1,1.20016645514951e-10,13669,36,340,1.0301741150163,"GPR"
"341",3,3,1,2,2,1024,16,1.39528091700916e-10,12345,75,341,1.19765244038585,"GPR"
"342",6,6,1,4,1,128,2,1.18718825467539e-10,8810,6,342,1.01903415511276,"GPR"
"343",6,6,1,2,2,256,1,1.17919974204394e-10,17258,79,343,1.01217714049192,"GPR"
"344",6,6,1,2,2,1024,16,1.20103281224236e-10,13436,96,344,1.03091776073943,"GPR"
"345",6,6,1,4,1,1024,4,1.18096841715479e-10,16041,64,345,1.01369529933502,"GPR"
"346",6,6,1,2,2,256,1,1.17919974204394e-10,17258,29,346,1.01217714049192,"GPR"
"347",6,6,1,2,2,1024,2,1.16501321248061e-10,13752,116,347,1,"GPR"
"348",6,6,1,4,2,128,1,1.1965589478547e-10,17968,43,348,1.02707757734946,"GPR"
"349",10,5,2,2,2,512,8,1.42061321707413e-10,8288,1,349,1.21939665735574,"GPR"
"350",6,6,1,4,2,256,4,1.19017999801124e-10,9365,110,350,1.02160214601947,"GPR"
"351",6,6,1,2,2,1024,2,1.16501321248061e-10,13752,111,351,1,"GPR"
"352",6,6,1,2,1,128,2,1.17976523819686e-10,6468,16,352,1.01266253941003,"GPR"
"353",20,5,1,2,1,256,2,1.49715212580142e-10,21702,86,353,1.2850945463645,"GPR"
"354",6,6,1,2,1,128,4,1.17732534790262e-10,14258,111,354,1.01056823672909,"GPR"
"355",6,6,1,2,1,1024,2,1.20524986739671e-10,11920,113,355,1.03453750951924,"GPR"
"356",6,6,1,2,1,1024,8,1.17642516833282e-10,19494,57,356,1.00979555916616,"GPR"
"357",10,5,2,4,1,1024,8,1.51398885015936e-10,21882,7,357,1.29954650637454,"GPR"
"358",24,6,1,2,2,512,8,1.50151943867924e-10,21915,119,358,1.28884327026826,"GPR"
"359",5,5,1,2,1,1024,8,1.22360757184054e-10,9325,112,359,1.05029501702832,"GPR"
"360",6,6,1,4,2,512,8,1.18144018844621e-10,8830,112,360,1.01410024864063,"GPR"
"361",6,6,1,2,2,1024,4,1.17842155236017e-10,12261,5,361,1.01150917408997,"GPR"
"362",6,6,1,4,1,1024,4,1.18096841715479e-10,16041,81,362,1.01369529933502,"GPR"
"363",6,6,1,2,1,512,8,1.19268542616746e-10,20584,8,363,1.02375270373794,"GPR"
"364",6,6,1,4,1,1024,4,1.18096841715479e-10,16041,117,364,1.01369529933502,"GPR"
"365",4,4,1,2,1,512,16,1.30082949623258e-10,3140,21,365,1.11657917892861,"GPR"
"366",3,3,1,4,1,256,2,1.36428267521488e-10,6108,23,366,1.17104480927729,"GPR"
"367",5,5,1,2,1,1024,8,1.22360757184054e-10,9325,36,367,1.05029501702832,"GPR"
"368",6,6,1,2,2,512,1,1.19115341444505e-10,7602,61,368,1.02243768713042,"GPR"
"369",6,6,1,4,1,256,4,1.18527144018137e-10,22566,39,369,1.01738883944297,"GPR"
"370",6,6,1,2,2,256,1,1.17919974204394e-10,17258,105,370,1.01217714049192,"GPR"
"371",12,6,1,2,2,512,8,1.37483429796381e-10,22932,90,371,1.18010189346817,"GPR"
"372",6,6,1,2,2,1024,2,1.16501321248061e-10,13752,44,372,1,"GPR"
"373",4,4,1,4,1,1024,32,1.32905198650076e-10,22815,6,373,1.14080421772287,"GPR"
"374",6,6,1,4,1,1024,4,1.18096841715479e-10,16041,30,374,1.01369529933502,"GPR"
"375",4,4,1,4,2,1024,16,1.27991660200843e-10,20508,17,375,1.09862840034506,"GPR"
"376",24,6,2,2,1,1024,16,1.80926600980566e-10,19763,117,376,1.55300042130274,"GPR"
"377",16,4,1,4,2,256,2,1.59591660281121e-10,10166,82,377,1.36986996002654,"GPR"
"378",3,3,1,2,1,256,1,1.38231032281368e-10,5052,17,378,1.18651900940281,"GPR"
"379",5,5,1,2,1,1024,32,1.26608226818731e-10,21998,65,379,1.08675357036638,"GPR"
"380",24,6,1,4,2,128,1,1.41490786848524e-10,10638,36,380,1.21449941797015,"GPR"
"381",6,6,1,2,2,512,4,1.1835008391896e-10,8835,93,381,1.01586902750195,"GPR"
"382",6,6,1,2,2,1024,2,1.16501321248061e-10,13752,19,382,1,"GPR"
"383",6,6,1,2,1,1024,1,1.28669181117226e-10,19807,43,383,1.10444396457321,"GPR"
"384",24,6,1,2,2,128,4,1.42583344716509e-10,16276,93,384,1.22387749073602,"GPR"
"385",6,6,1,2,2,1024,2,1.16501321248061e-10,13752,112,385,1,"GPR"
"386",6,6,1,4,1,64,1,1.26460519328544e-10,20355,83,386,1.08548570929318,"GPR"
"387",6,6,1,2,1,128,1,1.19599215511143e-10,17604,75,387,1.02659106549089,"GPR"
"388",6,6,1,2,2,256,1,1.17919974204394e-10,17258,29,388,1.01217714049192,"GPR"
"389",5,5,1,2,1,256,4,1.17561537135523e-10,10660,16,389,1.00910046234759,"GPR"
"390",6,6,1,2,2,512,1,1.19115341444505e-10,7602,38,390,1.02243768713042,"GPR"
"391",6,6,1,4,2,1024,4,1.18152943056837e-10,12719,64,391,1.01417685045184,"GPR"
"392",6,6,1,4,2,1024,4,1.18152943056837e-10,12719,66,392,1.01417685045184,"GPR"
"393",6,6,1,4,2,1024,4,1.18152943056837e-10,12719,98,393,1.01417685045184,"GPR"
"394",6,6,1,4,2,1024,4,1.18152943056837e-10,12719,113,394,1.01417685045184,"GPR"
"395",6,6,1,2,1,1024,8,1.17642516833282e-10,19494,90,395,1.00979555916616,"GPR"
"396",6,6,1,2,2,256,1,1.17919974204394e-10,17258,39,396,1.01217714049192,"GPR"
"397",6,6,1,2,2,512,1,1.19115341444505e-10,7602,86,397,1.02243768713042,"GPR"
"398",6,6,1,2,2,256,1,1.17919974204394e-10,17258,34,398,1.01217714049192,"GPR"
"399",5,5,1,2,1,1024,1,1.29242715195433e-10,18035,4,399,1.10936694803865,"GPR"
"400",24,6,1,4,1,128,2,1.41304849053931e-10,12321,55,400,1.21290340349923,"GPR"
"401",6,6,1,2,1,1024,8,1.17642516833282e-10,19494,80,401,1.00979555916616,"GPR"
"402",5,5,1,2,2,1024,32,1.25947020865076e-10,17754,74,402,1.08107804714851,"GPR"
"403",6,6,1,2,1,1024,8,1.17642516833282e-10,19494,27,403,1.00979555916616,"GPR"
"404",6,6,1,4,1,1024,4,1.18096841715479e-10,16041,51,404,1.01369529933502,"GPR"
"405",6,6,1,4,1,512,16,1.21819487424608e-10,14459,115,405,1.04564897736415,"GPR"
"406",6,6,1,2,2,1024,2,1.16501321248061e-10,13752,78,406,1,"GPR"
"407",6,6,1,2,2,1024,2,1.16501321248061e-10,13752,37,407,1,"GPR"
"408",6,6,1,2,2,1024,2,1.16501321248061e-10,13752,74,408,1,"GPR"
"409",12,6,1,4,2,256,2,1.39570263805193e-10,15555,78,409,1.19801442859186,"GPR"
"410",6,6,1,2,2,1024,4,1.17842155236017e-10,12261,44,410,1.01150917408997,"GPR"
"411",12,6,1,2,2,128,1,1.38558641487853e-10,12633,9,411,1.18933107370367,"GPR"
"412",6,6,1,2,2,1024,2,1.16501321248061e-10,13752,54,412,1,"GPR"
"413",6,6,1,2,2,512,8,1.18283916839785e-10,17018,118,413,1.01530107618203,"GPR"
"414",4,4,1,2,1,1024,1,1.39907551626982e-10,22628,34,414,1.20090957019348,"GPR"
"415",6,6,1,2,2,256,1,1.17919974204394e-10,17258,83,415,1.01217714049192,"GPR"
"416",24,6,1,4,2,256,1,1.47210977621794e-10,20461,78,416,1.26359921110546,"GPR"
"417",24,6,1,4,1,128,1,1.44226645994673e-10,9162,40,417,1.23798292113423,"GPR"
"418",4,4,1,2,1,128,2,1.27175815907958e-10,4659,3,418,1.09162552446224,"GPR"
"419",5,5,1,4,1,512,16,1.24692240135041e-10,20266,20,419,1.07030751925585,"GPR"
"420",6,6,1,2,2,512,2,1.1836397813052e-10,22975,102,420,1.01598828976791,"GPR"
"421",6,6,1,2,1,1024,8,1.17642516833282e-10,19494,100,421,1.00979555916616,"GPR"
"422",6,6,1,4,1,1024,2,1.18717485534039e-10,15493,76,422,1.01902265366809,"GPR"
"423",6,6,1,4,2,1024,4,1.18152943056837e-10,12719,63,423,1.01417685045184,"GPR"
"424",3,3,1,4,2,1024,8,1.37668844036886e-10,8888,118,424,1.18169341396355,"GPR"
"425",6,6,1,2,2,256,1,1.17919974204394e-10,17258,67,425,1.01217714049192,"GPR"
"426",6,6,1,2,1,1024,4,1.18746991977228e-10,9539,114,426,1.01927592498616,"GPR"
"427",6,6,1,2,1,512,1,1.19017365172127e-10,13437,55,427,1.02159669862205,"GPR"
"428",5,5,1,4,1,512,2,1.22636208874517e-10,12393,3,428,1.05265938240643,"GPR"
"429",12,6,1,4,1,256,2,1.3812927389234e-10,14118,118,429,1.18564555674203,"GPR"
"430",6,6,1,2,1,1024,2,1.20524986739671e-10,11920,57,430,1.03453750951924,"GPR"
"431",12,6,1,2,1,128,4,1.39407227049873e-10,7962,19,431,1.19661498733597,"GPR"
"432",6,6,1,2,2,256,1,1.17919974204394e-10,17258,113,432,1.01217714049192,"GPR"
"433",24,6,1,2,2,64,1,1.42903142658778e-10,14242,79,433,1.22662250631905,"GPR"
"434",24,6,1,4,1,128,2,1.41304849053931e-10,12321,50,434,1.21290340349923,"GPR"
"435",6,6,1,2,1,256,4,1.17149348789584e-10,9843,88,435,1.00556240508331,"GPR"
"436",24,6,1,4,1,128,2,1.41304849053931e-10,12321,48,436,1.21290340349923,"GPR"
"437",6,6,1,4,2,1024,4,1.18152943056837e-10,12719,33,437,1.01417685045184,"GPR"
"438",24,6,1,2,1,128,2,1.42736530572719e-10,10868,62,438,1.22519237587697,"GPR"
"439",6,6,1,4,1,256,8,1.20542237352126e-10,15632,117,439,1.03468558176658,"GPR"
"440",6,6,1,4,2,128,1,1.1965589478547e-10,17968,27,440,1.02707757734946,"GPR"
"441",24,6,1,4,1,128,4,1.44262306328803e-10,12907,78,441,1.23828901495144,"GPR"
"442",24,6,2,2,1,256,8,1.45587835553042e-10,11580,23,442,1.24966681916893,"GPR"
"443",6,6,1,4,1,1024,2,1.18717485534039e-10,15493,76,443,1.01902265366809,"GPR"
"444",12,6,1,4,1,1024,4,1.44797891103858e-10,21342,105,444,1.24288625701974,"GPR"
"445",6,6,1,4,2,1024,4,1.18152943056837e-10,12719,37,445,1.01417685045184,"GPR"
"446",6,6,1,2,1,256,4,1.17149348789584e-10,9843,105,446,1.00556240508331,"GPR"
"447",5,5,1,4,2,1024,4,1.22537313322951e-10,14329,99,447,1.05181050317908,"GPR"
"448",6,6,1,2,1,256,1,1.18202032710546e-10,19283,92,448,1.01459821609115,"GPR"
"449",6,6,1,4,2,1024,2,1.18398283203908e-10,14134,64,449,1.01628275057763,"GPR"
"450",6,6,1,4,2,1024,4,1.18152943056837e-10,12719,99,450,1.01417685045184,"GPR"
"451",6,6,1,2,2,512,8,1.18283916839785e-10,17018,85,451,1.01530107618203,"GPR"
"452",6,6,1,2,1,512,1,1.19017365172127e-10,13437,43,452,1.02159669862205,"GPR"
"453",6,6,1,4,1,256,1,1.19886821794317e-10,8697,65,453,1.02905976095368,"GPR"
"454",6,6,1,2,2,1024,1,1.25629960742448e-10,14403,33,454,1.07835653189674,"GPR"
"455",6,6,1,2,2,1024,2,1.16501321248061e-10,13752,120,455,1,"GPR"
"456",6,6,1,2,1,512,1,1.19017365172127e-10,13437,61,456,1.02159669862205,"GPR"
"457",5,5,1,2,1,512,16,1.22509128810307e-10,16044,3,457,1.05156857877563,"GPR"
"458",6,6,1,2,2,512,8,1.18283916839785e-10,17018,54,458,1.01530107618203,"GPR"
"459",6,6,1,2,1,1024,8,1.17642516833282e-10,19494,66,459,1.00979555916616,"GPR"
"460",6,6,1,2,2,1024,2,1.16501321248061e-10,13752,37,460,1,"GPR"
"461",6,6,1,2,2,256,1,1.17919974204394e-10,17258,93,461,1.01217714049192,"GPR"
"462",6,6,1,2,2,1024,2,1.16501321248061e-10,13752,62,462,1,"GPR"
"463",12,6,1,2,2,256,1,1.39167615329011e-10,15970,53,463,1.19455825769295,"GPR"
"464",5,5,1,2,2,256,8,1.19692044985099e-10,7017,6,464,1.02738787597305,"GPR"
"465",6,6,1,4,2,1024,2,1.18398283203908e-10,14134,61,465,1.01628275057763,"GPR"
"466",6,6,1,2,1,1024,4,1.18746991977228e-10,9539,29,466,1.01927592498616,"GPR"
"467",6,6,1,2,2,1024,2,1.16501321248061e-10,13752,33,467,1,"GPR"
"468",6,6,1,2,2,512,2,1.1836397813052e-10,22975,108,468,1.01598828976791,"GPR"
"469",24,6,2,4,2,64,2,1.4435038665024e-10,20692,15,469,1.23904506063825,"GPR"
"470",3,3,1,2,2,256,2,1.37332659101318e-10,5822,99,470,1.17880773908908,"GPR"
"471",5,5,1,4,1,256,1,1.21422039933002e-10,17471,6,471,1.04223744960337,"GPR"
"472",6,6,1,4,1,1024,4,1.18096841715479e-10,16041,77,472,1.01369529933502,"GPR"
"473",6,6,1,4,1,1024,4,1.18096841715479e-10,16041,87,473,1.01369529933502,"GPR"
"474",6,6,1,4,1,512,4,1.1888726151874e-10,22752,52,474,1.02047994173043,"GPR"
"475",3,3,1,2,2,512,16,1.37369946739904e-10,2342,103,475,1.17912780102646,"GPR"
"476",6,6,1,2,2,256,1,1.17919974204394e-10,17258,41,476,1.01217714049192,"GPR"
"477",24,6,4,4,2,256,4,1.45097021726241e-10,18889,10,477,1.24545387272726,"GPR"
"478",6,6,1,2,1,1024,8,1.17642516833282e-10,19494,34,478,1.00979555916616,"GPR"
"479",24,6,1,2,1,256,1,1.47474362498301e-10,7760,72,479,1.26585999985606,"GPR"
"480",6,6,1,2,2,1024,2,1.16501321248061e-10,13752,49,480,1,"GPR"
"481",6,6,1,2,1,512,1,1.19017365172127e-10,13437,87,481,1.02159669862205,"GPR"
"482",6,6,1,2,1,256,1,1.18202032710546e-10,19283,41,482,1.01459821609115,"GPR"
"483",6,6,1,2,1,128,4,1.17732534790262e-10,14258,53,483,1.01056823672909,"GPR"
"484",6,6,1,2,1,256,4,1.17149348789584e-10,9843,45,484,1.00556240508331,"GPR"
"485",6,6,1,2,1,512,1,1.19017365172127e-10,13437,39,485,1.02159669862205,"GPR"
"486",6,6,1,2,1,256,4,1.17149348789584e-10,9843,120,486,1.00556240508331,"GPR"
"487",6,6,1,4,2,1024,2,1.18398283203908e-10,14134,28,487,1.01628275057763,"GPR"
"488",6,6,1,4,1,1024,4,1.18096841715479e-10,16041,37,488,1.01369529933502,"GPR"
"489",6,6,1,4,2,1024,4,1.18152943056837e-10,12719,94,489,1.01417685045184,"GPR"
"490",6,6,1,2,2,1024,2,1.16501321248061e-10,13752,74,490,1,"GPR"
"491",6,6,1,2,1,1024,1,1.28669181117226e-10,19807,36,491,1.10444396457321,"GPR"
"492",24,6,1,4,1,512,8,1.50647308437988e-10,10318,101,492,1.29309527844084,"GPR"
"493",6,6,1,4,1,1024,1,1.25373995702647e-10,19156,37,493,1.0761594320093,"GPR"
"494",5,5,1,2,2,256,4,1.17379768662026e-10,17930,47,494,1.0075402356347,"GPR"
"495",12,6,1,4,2,128,4,1.40675477804834e-10,14650,14,495,1.20750113644891,"GPR"
"496",6,6,1,4,2,256,1,1.20016645514951e-10,13669,38,496,1.0301741150163,"GPR"
"497",6,6,1,4,1,256,4,1.18527144018137e-10,22566,75,497,1.01738883944297,"GPR"
"498",6,6,1,2,2,256,1,1.17919974204394e-10,17258,34,498,1.01217714049192,"GPR"
"499",3,3,1,2,1,256,4,1.36478520881495e-10,238,41,499,1.17147616369858,"GPR"
"500",24,6,1,4,2,256,4,1.43586986249427e-10,12774,69,500,1.23249234181382,"GPR"
"501",6,6,1,2,2,1024,2,1.16501321248061e-10,13752,116,501,1,"GPR"
"502",6,6,1,2,1,1024,8,1.17642516833282e-10,19494,114,502,1.00979555916616,"GPR"
"503",5,5,1,2,1,256,4,1.17561537135523e-10,10660,9,503,1.00910046234759,"GPR"
"504",24,6,1,4,1,512,8,1.50647308437988e-10,10318,78,504,1.29309527844084,"GPR"
"505",5,5,1,2,2,512,8,1.18628082806223e-10,14812,10,505,1.01825525698231,"GPR"
"506",5,5,1,2,2,512,8,1.18628082806223e-10,14812,7,506,1.01825525698231,"GPR"
"507",6,6,1,2,2,1024,2,1.16501321248061e-10,13752,120,507,1,"GPR"
"508",24,6,4,2,1,128,1,1.43447381217966e-10,22487,12,508,1.2312940289538,"GPR"
"509",6,6,1,4,1,1024,4,1.18096841715479e-10,16041,36,509,1.01369529933502,"GPR"
"510",3,3,1,4,1,512,1,1.37669581615537e-10,3688,58,510,1.18169974503897,"GPR"
"511",6,6,1,4,1,1024,32,1.30129748438669e-10,8243,108,511,1.11698088094288,"GPR"
"512",10,5,1,4,1,512,8,1.44293941106435e-10,14902,18,512,1.23856055502749,"GPR"
"513",6,6,1,2,1,512,1,1.19017365172127e-10,13437,39,513,1.02159669862205,"GPR"
"514",6,6,1,4,1,256,1,1.19886821794317e-10,8697,53,514,1.02905976095368,"GPR"
"515",24,6,1,2,1,256,2,1.4432792983405e-10,12755,87,515,1.23885230045364,"GPR"
"516",6,6,1,4,1,1024,1,1.25373995702647e-10,19156,30,516,1.0761594320093,"GPR"
"517",6,6,1,2,2,1024,4,1.17842155236017e-10,12261,103,517,1.01150917408997,"GPR"
"518",24,6,2,4,2,128,4,1.42596822850907e-10,8052,4,518,1.22399318156471,"GPR"
"519",20,5,1,2,2,64,1,1.47612981872675e-10,13727,98,519,1.26704985223617,"GPR"
"520",6,6,1,4,1,256,1,1.19886821794317e-10,8697,61,520,1.02905976095368,"GPR"
"521",5,5,1,2,2,1024,2,1.23041421447138e-10,11070,1,521,1.05613756246722,"GPR"
"522",6,6,1,2,1,128,4,1.17732534790262e-10,14258,53,522,1.01056823672909,"GPR"
"523",24,6,1,4,2,64,1,1.42689184544634e-10,12001,1,523,1.22478597681147,"GPR"
"524",5,5,1,2,1,1024,32,1.26608226818731e-10,21998,120,524,1.08675357036638,"GPR"
"525",6,6,1,2,1,1024,8,1.17642516833282e-10,19494,94,525,1.00979555916616,"GPR"
"526",12,6,1,4,1,1024,32,1.63379542307194e-10,10661,20,526,1.40238360009083,"GPR"
"527",24,6,1,4,1,256,2,1.43321809384467e-10,19560,67,527,1.23021617136253,"GPR"
"528",5,5,1,4,1,1024,32,1.28201182372607e-10,21514,104,528,1.10042685352584,"GPR"
"529",6,6,1,2,2,1024,4,1.17842155236017e-10,12261,32,529,1.01150917408997,"GPR"
"530",6,6,1,2,2,256,1,1.17919974204394e-10,17258,68,530,1.01217714049192,"GPR"
"531",12,6,1,2,1,512,4,1.36576491973056e-10,13584,88,531,1.17231710773691,"GPR"
"532",6,6,1,2,2,1024,2,1.16501321248061e-10,13752,80,532,1,"GPR"
"533",3,3,1,4,2,256,1,1.36263397941189e-10,1880,98,533,1.16962963579657,"GPR"
"534",6,6,1,2,2,1024,2,1.16501321248061e-10,13752,80,534,1,"GPR"
"535",6,6,1,2,1,1024,4,1.18746991977228e-10,9539,20,535,1.01927592498616,"GPR"
"536",24,6,1,2,2,256,1,1.49205364641153e-10,15148,106,536,1.28071821883853,"GPR"
"537",6,6,1,2,1,512,1,1.19017365172127e-10,13437,89,537,1.02159669862205,"GPR"
"538",24,6,1,2,2,256,2,1.45429235738413e-10,10992,34,538,1.24830546280893,"GPR"
"539",6,6,1,2,2,1024,2,1.16501321248061e-10,13752,88,539,1,"GPR"
"540",24,6,4,4,2,128,1,1.42986124513889e-10,9279,47,540,1.22733478884273,"GPR"
"541",6,6,1,2,1,256,4,1.17149348789584e-10,9843,45,541,1.00556240508331,"GPR"
"542",24,6,1,4,2,512,4,1.49836739442439e-10,14918,119,542,1.28613768356668,"GPR"
"543",6,6,1,2,2,1024,2,1.16501321248061e-10,13752,65,543,1,"GPR"
"544",6,6,1,4,2,1024,4,1.18152943056837e-10,12719,52,544,1.01417685045184,"GPR"
"545",6,6,1,4,1,1024,1,1.25373995702647e-10,19156,27,545,1.0761594320093,"GPR"
"546",6,6,1,2,2,1024,16,1.20103281224236e-10,13436,100,546,1.03091776073943,"GPR"
"547",12,6,1,2,1,256,4,1.37042936332678e-10,11487,52,547,1.17632087657511,"GPR"
"548",6,6,1,2,2,256,1,1.17919974204394e-10,17258,28,548,1.01217714049192,"GPR"
"549",6,6,1,2,2,1024,2,1.16501321248061e-10,13752,104,549,1,"GPR"
"550",24,6,1,2,2,256,4,1.43133545809889e-10,9473,117,550,1.22860019334134,"GPR"
"551",4,4,1,4,2,1024,8,1.24992786636709e-10,20450,7,551,1.07288728829579,"GPR"
"552",6,6,1,4,2,512,8,1.18144018844621e-10,8830,9,552,1.01410024864063,"GPR"
"553",24,6,1,2,2,256,8,1.44206715142122e-10,10616,36,553,1.23781184279506,"GPR"
"554",6,6,1,2,2,1024,2,1.16501321248061e-10,13752,68,554,1,"GPR"
"555",5,5,1,2,1,1024,2,1.24220644460169e-10,8688,65,555,1.06625953362084,"GPR"
"556",4,4,1,2,2,512,16,1.32628734769169e-10,6294,3,556,1.13843116411331,"GPR"
"557",24,6,4,2,1,256,8,1.43760444177451e-10,8215,14,557,1.23398123418144,"GPR"
"558",6,6,1,2,2,256,1,1.17919974204394e-10,17258,37,558,1.01217714049192,"GPR"
"559",6,6,1,2,2,1024,2,1.16501321248061e-10,13752,116,559,1,"GPR"
"560",6,6,1,2,2,1024,2,1.16501321248061e-10,13752,86,560,1,"GPR"
"561",6,6,1,4,1,1024,1,1.25373995702647e-10,19156,34,561,1.0761594320093,"GPR"
"562",24,6,1,4,1,256,1,1.47370854872782e-10,16686,49,562,1.26497153246006,"GPR"
"563",6,6,1,2,2,1024,8,1.18235071768955e-10,9305,108,563,1.01488180994275,"GPR"
"564",24,6,1,2,2,256,4,1.43133545809889e-10,9473,39,564,1.22860019334134,"GPR"
"565",5,5,1,4,2,256,1,1.21838108445895e-10,7493,79,565,1.04580881264402,"GPR"
"566",24,6,1,2,2,128,4,1.42583344716509e-10,16276,51,566,1.22387749073602,"GPR"
"567",24,6,1,4,1,256,2,1.43321809384467e-10,19560,102,567,1.23021617136253,"GPR"
"568",6,6,1,2,2,1024,4,1.17842155236017e-10,12261,70,568,1.01150917408997,"GPR"
"569",6,6,1,4,2,128,1,1.1965589478547e-10,17968,108,569,1.02707757734946,"GPR"
"570",6,6,1,2,2,1024,2,1.16501321248061e-10,13752,81,570,1,"GPR"
"571",5,5,1,2,2,1024,2,1.23041421447138e-10,11070,116,571,1.05613756246722,"GPR"
"572",6,6,1,4,2,1024,16,1.22014273387987e-10,18743,110,572,1.04732094092038,"GPR"
"573",3,3,1,2,1,512,1,1.41023286024986e-10,6257,113,573,1.210486580875,"GPR"
"574",6,6,1,4,1,1024,4,1.18096841715479e-10,16041,78,574,1.01369529933502,"GPR"
"575",6,6,1,4,1,512,4,1.1888726151874e-10,22752,70,575,1.02047994173043,"GPR"
"576",24,6,1,2,2,512,2,1.54670924655959e-10,13550,102,576,1.32763236501519,"GPR"
"577",6,6,1,2,2,512,2,1.1836397813052e-10,22975,112,577,1.01598828976791,"GPR"
"578",6,6,1,2,2,1024,2,1.16501321248061e-10,13752,107,578,1,"GPR"
"579",6,6,1,2,2,1024,2,1.16501321248061e-10,13752,40,579,1,"GPR"
"580",12,6,2,4,1,512,4,1.3540030760049e-10,17701,68,580,1.16222121903826,"GPR"
"581",3,3,1,2,2,512,4,1.37224255132475e-10,1296,4,581,1.17787724347168,"GPR"
"582",6,6,1,2,1,256,4,1.17149348789584e-10,9843,51,582,1.00556240508331,"GPR"
"583",6,6,1,2,2,512,4,1.1835008391896e-10,8835,100,583,1.01586902750195,"GPR"
"584",6,6,1,4,1,1024,4,1.18096841715479e-10,16041,26,584,1.01369529933502,"GPR"
"585",12,6,1,2,2,64,2,1.39150311679225e-10,13272,13,585,1.19440973019472,"GPR"
"586",12,6,1,4,1,512,16,1.44636185346152e-10,11478,4,586,1.24149824050651,"GPR"
"587",24,6,1,4,1,128,1,1.44226645994673e-10,9162,48,587,1.23798292113423,"GPR"
"588",6,6,1,2,1,1024,16,1.19644084929894e-10,12727,67,588,1.02697620634826,"GPR"
"589",6,6,1,2,2,256,1,1.17919974204394e-10,17258,32,589,1.01217714049192,"GPR"
"590",24,6,1,2,2,256,1,1.49205364641153e-10,15148,30,590,1.28071821883853,"GPR"
"591",4,4,1,2,2,1024,2,1.30589997668649e-10,8201,78,591,1.12093147330569,"GPR"
"592",6,6,1,4,2,1024,4,1.18152943056837e-10,12719,101,592,1.01417685045184,"GPR"
"593",6,6,1,4,2,512,2,1.20138723404379e-10,12314,81,593,1.03122198201146,"GPR"
"594",24,6,1,2,1,256,4,1.43289319112263e-10,14416,51,594,1.22993728806872,"GPR"
"595",6,6,1,4,1,1024,4,1.18096841715479e-10,16041,89,595,1.01369529933502,"GPR"
"596",16,4,1,4,1,128,4,1.58710967812137e-10,7851,14,596,1.36231045375185,"GPR"
"597",6,6,1,4,1,1024,2,1.18717485534039e-10,15493,11,597,1.01902265366809,"GPR"
"598",24,6,1,4,2,256,4,1.43586986249427e-10,12774,76,598,1.23249234181382,"GPR"
"599",6,6,1,2,1,1024,8,1.17642516833282e-10,19494,76,599,1.00979555916616,"GPR"
"600",6,6,1,2,2,1024,1,1.25629960742448e-10,14403,49,600,1.07835653189674,"GPR"
"601",6,6,1,4,1,256,4,1.18527144018137e-10,22566,45,601,1.01738883944297,"GPR"
"602",6,6,1,2,2,256,4,1.20261541207892e-10,16736,52,602,1.03227620012844,"GPR"
"603",3,3,1,2,2,256,2,1.37332659101318e-10,5822,5,603,1.17880773908908,"GPR"
"604",3,3,1,4,2,512,2,1.35560093260181e-10,5175,46,604,1.16359275421039,"GPR"
"605",6,6,1,2,1,1024,8,1.17642516833282e-10,19494,106,605,1.00979555916616,"GPR"
"606",6,6,1,2,1,1024,32,1.30214124849928e-10,19394,81,606,1.11770513376984,"GPR"
"607",12,6,1,4,1,1024,4,1.44797891103858e-10,21342,69,607,1.24288625701974,"GPR"
"608",6,6,1,2,1,256,4,1.17149348789584e-10,9843,96,608,1.00556240508331,"GPR"
"609",24,6,4,4,2,512,4,1.51415283840341e-10,13671,75,609,1.29968726721938,"GPR"
"610",24,6,1,4,2,128,1,1.41490786848524e-10,10638,61,610,1.21449941797015,"GPR"
"611",12,6,2,4,2,64,2,1.37227036791841e-10,19972,22,611,1.17790112010532,"GPR"
"612",24,6,1,4,1,128,4,1.44262306328803e-10,12907,52,612,1.23828901495144,"GPR"
"613",6,6,1,2,2,1024,1,1.25629960742448e-10,14403,30,613,1.07835653189674,"GPR"
"614",6,6,1,2,1,1024,8,1.17642516833282e-10,19494,6,614,1.00979555916616,"GPR"
"615",6,6,1,2,1,256,1,1.18202032710546e-10,19283,56,615,1.01459821609115,"GPR"
"616",6,6,1,4,2,1024,1,1.29667282018423e-10,19245,104,616,1.1130112571198,"GPR"
"617",5,5,1,2,1,128,1,1.20098079634856e-10,16307,14,617,1.03087311240991,"GPR"
"618",6,6,1,2,1,512,1,1.19017365172127e-10,13437,81,618,1.02159669862205,"GPR"
"619",6,6,1,4,1,256,4,1.18527144018137e-10,22566,25,619,1.01738883944297,"GPR"
"620",6,6,1,2,1,1024,8,1.17642516833282e-10,19494,83,620,1.00979555916616,"GPR"
"621",3,3,1,4,1,512,4,1.35429549481083e-10,4213,10,621,1.16247221945851,"GPR"
"622",24,6,1,4,1,256,2,1.43321809384467e-10,19560,120,622,1.23021617136253,"GPR"
"623",6,6,1,2,2,256,1,1.17919974204394e-10,17258,48,623,1.01217714049192,"GPR"
"624",6,6,1,4,2,128,2,1.18746687810648e-10,21312,72,624,1.01927331414384,"GPR"
"625",24,6,2,4,1,512,8,1.54825799030895e-10,22054,5,625,1.32896174371474,"GPR"
"626",6,6,1,2,1,1024,8,1.17642516833282e-10,19494,88,626,1.00979555916616,"GPR"
"627",5,5,1,4,1,128,2,1.22318069740129e-10,12392,11,627,1.04992860535618,"GPR"
"628",6,6,1,2,2,1024,2,1.16501321248061e-10,13752,98,628,1,"GPR"
"629",6,6,1,2,2,128,2,1.18080485105728e-10,11332,75,629,1.01355490084361,"GPR"
"630",24,6,1,2,1,64,1,1.42776743657055e-10,16956,32,630,1.22553754865188,"GPR"
"631",24,6,1,4,1,128,2,1.41304849053931e-10,12321,76,631,1.21290340349923,"GPR"
"632",6,6,1,4,2,1024,4,1.18152943056837e-10,12719,117,632,1.01417685045184,"GPR"
"633",6,6,1,2,2,512,16,1.20561345004917e-10,12677,63,633,1.03484959409353,"GPR"
"634",6,6,1,2,2,256,1,1.17919974204394e-10,17258,56,634,1.01217714049192,"GPR"
"635",6,6,1,2,2,1024,2,1.16501321248061e-10,13752,102,635,1,"GPR"
"636",4,4,1,2,1,256,4,1.28002284961198e-10,1041,20,636,1.09871959897045,"GPR"
"637",24,6,1,4,1,256,2,1.43321809384467e-10,19560,50,637,1.23021617136253,"GPR"
"638",24,6,1,2,1,128,2,1.42736530572719e-10,10868,114,638,1.22519237587697,"GPR"
"639",6,6,1,2,1,1024,8,1.17642516833282e-10,19494,48,639,1.00979555916616,"GPR"
"640",6,6,1,2,2,512,2,1.1836397813052e-10,22975,92,640,1.01598828976791,"GPR"
"641",5,5,1,4,1,256,8,1.28517800164082e-10,12052,8,641,1.10314457198673,"GPR"
"642",6,6,1,4,1,1024,16,1.22460968799545e-10,13283,9,642,1.0511551928136,"GPR"
"643",12,6,1,4,1,256,2,1.3812927389234e-10,14118,59,643,1.18564555674203,"GPR"
"644",24,6,2,4,1,64,1,1.41924380072479e-10,7819,76,644,1.2182212060092,"GPR"
"645",5,5,1,2,1,512,4,1.17865496298058e-10,22098,9,645,1.01170952428163,"GPR"
"646",6,6,1,2,2,128,2,1.18080485105728e-10,11332,87,646,1.01355490084361,"GPR"
"647",24,6,1,4,2,128,1,1.41490786848524e-10,10638,91,647,1.21449941797015,"GPR"
"648",6,6,1,2,1,1024,8,1.17642516833282e-10,19494,88,648,1.00979555916616,"GPR"
"649",6,6,1,4,1,512,4,1.1888726151874e-10,22752,54,649,1.02047994173043,"GPR"
"650",5,5,1,2,2,128,2,1.1896345482486e-10,9883,80,650,1.02113395410818,"GPR"
"651",5,5,1,4,1,1024,32,1.28201182372607e-10,21514,16,651,1.10042685352584,"GPR"
"652",12,6,1,2,2,512,16,1.41771404213251e-10,17041,108,652,1.21690812339701,"GPR"
"653",3,3,1,2,2,1024,2,1.39222329183687e-10,16881,41,653,1.19502789918791,"GPR"
"654",6,6,1,2,2,1024,2,1.16501321248061e-10,13752,28,654,1,"GPR"
"655",6,6,1,2,1,1024,8,1.17642516833282e-10,19494,31,655,1.00979555916616,"GPR"
"656",5,5,1,2,1,512,2,1.19264177349936e-10,9167,89,656,1.02371523406153,"GPR"
"657",5,5,1,2,1,1024,32,1.26608226818731e-10,21998,98,657,1.08675357036638,"GPR"
"658",6,6,1,4,2,1024,4,1.18152943056837e-10,12719,81,658,1.01417685045184,"GPR"
"659",12,6,1,2,2,512,16,1.41771404213251e-10,17041,24,659,1.21690812339701,"GPR"
"660",6,6,1,2,2,512,16,1.20561345004917e-10,12677,110,660,1.03484959409353,"GPR"
"661",6,6,1,4,2,512,1,1.21269798663001e-10,22822,48,661,1.0409306724066,"GPR"
"662",24,6,1,2,2,128,4,1.42583344716509e-10,16276,59,662,1.22387749073602,"GPR"
"663",6,6,1,4,2,1024,4,1.18152943056837e-10,12719,118,663,1.01417685045184,"GPR"
"664",6,6,1,2,1,512,1,1.19017365172127e-10,13437,29,664,1.02159669862205,"GPR"
"665",6,6,1,2,1,1024,8,1.17642516833282e-10,19494,96,665,1.00979555916616,"GPR"
"666",24,6,4,4,2,256,2,1.45179238398781e-10,19515,82,666,1.2461595872347,"GPR"
"667",6,6,1,2,2,1024,2,1.16501321248061e-10,13752,29,667,1,"GPR"
"668",16,4,4,4,1,256,2,1.57945854855788e-10,12115,99,668,1.35574303504662,"GPR"
"669",6,6,1,4,2,1024,4,1.18152943056837e-10,12719,101,669,1.01417685045184,"GPR"
"670",20,5,1,2,2,64,1,1.47612981872675e-10,13727,41,670,1.26704985223617,"GPR"
"671",6,6,1,4,1,512,2,1.19525529098963e-10,10057,11,671,1.02595857127202,"GPR"
"672",4,4,1,4,2,1024,2,1.26775681322061e-10,20540,100,672,1.08819093177598,"GPR"
"673",6,6,1,4,1,1024,4,1.18096841715479e-10,16041,39,673,1.01369529933502,"GPR"
"674",6,6,1,2,2,256,1,1.17919974204394e-10,17258,27,674,1.01217714049192,"GPR"
"675",6,6,1,4,1,256,4,1.18527144018137e-10,22566,51,675,1.01738883944297,"GPR"
"676",12,6,2,2,1,256,2,1.37455954892558e-10,15765,112,676,1.17986606005848,"GPR"
"677",5,5,1,2,2,512,4,1.180929223999e-10,12450,12,677,1.01366165752275,"GPR"
"678",6,6,1,2,2,256,1,1.17919974204394e-10,17258,26,678,1.01217714049192,"GPR"
"679",6,6,1,2,1,256,1,1.18202032710546e-10,19283,33,679,1.01459821609115,"GPR"
"680",12,6,2,4,2,256,4,1.35662211876773e-10,13085,2,680,1.16446929891819,"GPR"
"681",16,4,4,2,1,64,2,1.59530344504245e-10,17373,8,681,1.36934365031417,"GPR"
"682",6,6,1,2,2,1024,2,1.16501321248061e-10,13752,68,682,1,"GPR"
"683",12,6,1,2,1,256,4,1.37042936332678e-10,11487,60,683,1.17632087657511,"GPR"
"684",12,6,2,2,2,256,4,1.37382523351728e-10,12230,10,684,1.17923575355171,"GPR"
"685",6,6,1,2,2,1024,2,1.16501321248061e-10,13752,54,685,1,"GPR"
"686",6,6,1,4,1,1024,4,1.18096841715479e-10,16041,87,686,1.01369529933502,"GPR"
"687",20,5,1,4,1,256,2,1.4944531524492e-10,19969,106,687,1.28277785731471,"GPR"
"688",5,5,1,4,2,64,1,1.32387830699178e-10,11976,34,688,1.13636334147052,"GPR"
"689",24,6,1,4,1,256,1,1.47370854872782e-10,16686,119,689,1.26497153246006,"GPR"
"690",6,6,1,2,1,1024,1,1.28669181117226e-10,19807,28,690,1.10444396457321,"GPR"
"691",6,6,1,4,2,1024,2,1.18398283203908e-10,14134,112,691,1.01628275057763,"GPR"
"692",6,6,1,2,1,1024,8,1.17642516833282e-10,19494,25,692,1.00979555916616,"GPR"
"693",6,6,1,4,1,128,2,1.18718825467539e-10,8810,96,693,1.01903415511276,"GPR"
"694",6,6,1,4,2,512,16,1.22643988483418e-10,22723,68,694,1.0527261594079,"GPR"
"695",6,6,1,2,1,1024,16,1.19644084929894e-10,12727,101,695,1.02697620634826,"GPR"
"696",6,6,1,2,2,1024,32,1.306016079639e-10,18854,73,696,1.12103113136215,"GPR"
"697",6,6,1,2,2,1024,4,1.17842155236017e-10,12261,114,697,1.01150917408997,"GPR"
"698",6,6,1,4,2,1024,8,1.20170053330998e-10,12448,6,698,1.03149090537029,"GPR"
"699",6,6,1,2,1,1024,4,1.18746991977228e-10,9539,47,699,1.01927592498616,"GPR"
"700",6,6,1,2,2,1024,2,1.16501321248061e-10,13752,83,700,1,"GPR"
"701",6,6,1,4,1,1024,1,1.25373995702647e-10,19156,43,701,1.0761594320093,"GPR"
"702",6,6,1,2,1,1024,16,1.19644084929894e-10,12727,43,702,1.02697620634826,"GPR"
"703",6,6,1,4,2,1024,4,1.18152943056837e-10,12719,45,703,1.01417685045184,"GPR"
"704",24,6,4,4,1,128,1,1.43059122228885e-10,10450,69,704,1.22796137156483,"GPR"
"705",6,6,1,2,1,256,1,1.18202032710546e-10,19283,96,705,1.01459821609115,"GPR"
"706",6,6,1,4,2,1024,2,1.18398283203908e-10,14134,36,706,1.01628275057763,"GPR"
"707",24,6,2,2,2,128,1,1.42628496494094e-10,20379,26,707,1.22426505524689,"GPR"
"708",6,6,1,4,2,1024,4,1.18152943056837e-10,12719,28,708,1.01417685045184,"GPR"
"709",6,6,1,4,1,256,1,1.19886821794317e-10,8697,41,709,1.02905976095368,"GPR"
"710",6,6,1,2,2,1024,1,1.25629960742448e-10,14403,40,710,1.07835653189674,"GPR"
"711",6,6,1,4,1,1024,4,1.18096841715479e-10,16041,38,711,1.01369529933502,"GPR"
"712",6,6,1,2,2,512,8,1.18283916839785e-10,17018,7,712,1.01530107618203,"GPR"
"713",12,6,2,2,2,512,8,1.34502841297936e-10,21130,18,713,1.15451773299244,"GPR"
"714",4,4,1,4,2,128,4,1.26678340558663e-10,2414,9,714,1.08735539821846,"GPR"
"715",24,6,1,2,2,64,1,1.42903142658778e-10,14242,62,715,1.22662250631905,"GPR"
"716",6,6,1,4,2,256,4,1.19017999801124e-10,9365,117,716,1.02160214601947,"GPR"
"717",6,6,1,2,2,256,1,1.17919974204394e-10,17258,55,717,1.01217714049192,"GPR"
"718",4,4,1,4,1,128,1,1.26473347752942e-10,5434,15,718,1.08559582327523,"GPR"
"719",10,5,2,4,2,256,1,1.43940315155e-10,14867,3,719,1.23552517356017,"GPR"
"720",6,6,1,4,1,1024,4,1.18096841715479e-10,16041,77,720,1.01369529933502,"GPR"
"721",6,6,1,2,1,1024,8,1.17642516833282e-10,19494,82,721,1.00979555916616,"GPR"
"722",12,6,1,4,2,64,2,1.3941732115394e-10,10192,12,722,1.19670163102343,"GPR"
"723",24,6,1,2,1,256,4,1.43289319112263e-10,14416,99,723,1.22993728806872,"GPR"
"724",12,6,1,2,2,256,2,1.36286375373921e-10,7935,90,724,1.169826864742,"GPR"
"725",6,6,1,4,1,1024,4,1.18096841715479e-10,16041,39,725,1.01369529933502,"GPR"
"726",6,6,1,2,2,512,16,1.20561345004917e-10,12677,8,726,1.03484959409353,"GPR"
"727",24,6,2,2,1,512,2,1.60283986363044e-10,15045,114,727,1.37581260577945,"GPR"
"728",5,5,1,2,2,1024,2,1.23041421447138e-10,11070,14,728,1.05613756246722,"GPR"
"729",4,4,1,2,2,1024,2,1.30589997668649e-10,8201,46,729,1.12093147330569,"GPR"
"730",6,6,1,2,2,1024,4,1.17842155236017e-10,12261,33,730,1.01150917408997,"GPR"
"731",24,6,1,2,2,512,8,1.50151943867924e-10,21915,46,731,1.28884327026826,"GPR"
"732",24,6,1,4,1,256,8,1.44483256505832e-10,14713,119,732,1.24018556148552,"GPR"
"733",12,6,2,4,1,512,2,1.39521503999111e-10,20478,95,733,1.19759589423054,"GPR"
"734",24,6,1,4,2,256,4,1.43586986249427e-10,12774,111,734,1.23249234181382,"GPR"
"735",6,6,1,2,2,1024,2,1.16501321248061e-10,13752,92,735,1,"GPR"
"736",24,6,1,4,2,512,4,1.49836739442439e-10,14918,120,736,1.28613768356668,"GPR"
"737",24,6,1,2,2,512,8,1.50151943867924e-10,21915,101,737,1.28884327026826,"GPR"
"738",6,6,1,2,2,1024,2,1.16501321248061e-10,13752,44,738,1,"GPR"
"739",20,5,2,2,1,256,4,1.48858292705467e-10,20671,83,739,1.2777390943791,"GPR"
"740",5,5,1,2,1,512,4,1.17865496298058e-10,22098,77,740,1.01170952428163,"GPR"
"741",6,6,1,2,1,256,4,1.17149348789584e-10,9843,108,741,1.00556240508331,"GPR"
"742",6,6,1,4,2,1024,4,1.18152943056837e-10,12719,35,742,1.01417685045184,"GPR"
"743",6,6,1,4,1,1024,4,1.18096841715479e-10,16041,57,743,1.01369529933502,"GPR"
"744",6,6,1,2,1,512,1,1.19017365172127e-10,13437,65,744,1.02159669862205,"GPR"
"745",3,3,1,4,1,1024,2,1.417382637154e-10,11870,14,745,1.21662365883047,"GPR"
"746",12,6,2,4,2,256,1,1.38642807344938e-10,21279,51,746,1.19005351921917,"GPR"
"747",6,6,1,2,2,512,1,1.19115341444505e-10,7602,36,747,1.02243768713042,"GPR"
"748",6,6,1,2,2,1024,2,1.16501321248061e-10,13752,78,748,1,"GPR"
"749",6,6,1,2,2,256,1,1.17919974204394e-10,17258,41,749,1.01217714049192,"GPR"
"750",6,6,1,2,1,1024,8,1.17642516833282e-10,19494,40,750,1.00979555916616,"GPR"
"751",6,6,1,4,2,128,2,1.18746687810648e-10,21312,26,751,1.01927331414384,"GPR"
"752",24,6,1,2,1,128,2,1.42736530572719e-10,10868,87,752,1.22519237587697,"GPR"
"753",3,3,1,4,1,1024,4,1.38271566642236e-10,11707,119,753,1.18686693988492,"GPR"
"754",6,6,1,2,2,512,8,1.18283916839785e-10,17018,23,754,1.01530107618203,"GPR"
"755",24,6,1,4,2,512,2,1.55640740944102e-10,9555,48,755,1.3359568739371,"GPR"
"756",6,6,1,4,1,128,2,1.18718825467539e-10,8810,13,756,1.01903415511276,"GPR"
"757",3,3,1,4,2,512,1,1.40182831445506e-10,4677,21,757,1.20327246029271,"GPR"
"758",6,6,1,4,2,1024,4,1.18152943056837e-10,12719,39,758,1.01417685045184,"GPR"
"759",4,4,1,2,1,1024,16,1.33191938969492e-10,18171,78,759,1.14326548010466,"GPR"
"760",6,6,1,4,2,512,2,1.20138723404379e-10,12314,68,760,1.03122198201146,"GPR"
"761",6,6,1,2,2,1024,2,1.16501321248061e-10,13752,112,761,1,"GPR"
"762",6,6,1,2,1,1024,4,1.18746991977228e-10,9539,45,762,1.01927592498616,"GPR"
"763",12,6,2,2,2,128,1,1.38258953067267e-10,9343,94,763,1.18675867008305,"GPR"
"764",5,5,1,2,1,512,4,1.17865496298058e-10,22098,76,764,1.01170952428163,"GPR"
"765",6,6,1,2,1,1024,8,1.17642516833282e-10,19494,77,765,1.00979555916616,"GPR"
"766",4,4,1,2,2,1024,16,1.32280083828985e-10,7539,14,766,1.13543848612091,"GPR"
"767",6,6,1,2,1,1024,8,1.17642516833282e-10,19494,71,767,1.00979555916616,"GPR"
"768",6,6,1,2,2,1024,2,1.16501321248061e-10,13752,82,768,1,"GPR"
"769",5,5,1,2,2,1024,32,1.25947020865076e-10,17754,60,769,1.08107804714851,"GPR"
"770",6,6,1,4,2,1024,2,1.18398283203908e-10,14134,42,770,1.01628275057763,"GPR"
"771",6,6,1,2,1,256,4,1.17149348789584e-10,9843,58,771,1.00556240508331,"GPR"
"772",10,5,1,4,2,512,2,1.42883785160062e-10,20856,9,772,1.22645634941621,"GPR"
"773",6,6,1,2,2,512,2,1.1836397813052e-10,22975,34,773,1.01598828976791,"GPR"
"774",6,6,1,4,1,1024,4,1.18096841715479e-10,16041,105,774,1.01369529933502,"GPR"
"775",6,6,1,2,2,256,1,1.17919974204394e-10,17258,81,775,1.01217714049192,"GPR"
"776",24,6,1,2,2,128,4,1.42583344716509e-10,16276,59,776,1.22387749073602,"GPR"
"777",24,6,1,4,2,256,4,1.43586986249427e-10,12774,35,777,1.23249234181382,"GPR"
"778",12,6,1,2,1,256,1,1.39475044331671e-10,7833,31,778,1.19719710332463,"GPR"
"779",6,6,1,2,1,256,1,1.18202032710546e-10,19283,33,779,1.01459821609115,"GPR"
"780",6,6,1,4,2,256,8,1.19614452797975e-10,14451,41,780,1.02672185616921,"GPR"
"781",24,6,1,4,2,128,1,1.41490786848524e-10,10638,37,781,1.21449941797015,"GPR"
"782",6,6,1,4,1,256,1,1.19886821794317e-10,8697,29,782,1.02905976095368,"GPR"
"783",6,6,1,2,2,128,2,1.18080485105728e-10,11332,53,783,1.01355490084361,"GPR"
"784",6,6,1,2,2,1024,2,1.16501321248061e-10,13752,49,784,1,"GPR"
"785",6,6,1,4,2,128,2,1.18746687810648e-10,21312,13,785,1.01927331414384,"GPR"
"786",5,5,1,4,1,512,8,1.22080038327934e-10,16879,16,786,1.04788544044058,"GPR"
"787",6,6,1,2,2,1024,2,1.16501321248061e-10,13752,29,787,1,"GPR"
"788",6,6,1,2,2,512,1,1.19115341444505e-10,7602,59,788,1.02243768713042,"GPR"
"789",6,6,1,4,1,1024,4,1.18096841715479e-10,16041,45,789,1.01369529933502,"GPR"
"790",4,4,1,4,2,512,4,1.25569585107033e-10,4359,13,790,1.07783829197664,"GPR"
"791",24,6,1,4,1,256,1,1.47370854872782e-10,16686,33,791,1.26497153246006,"GPR"
"792",6,6,1,2,2,1024,2,1.16501321248061e-10,13752,47,792,1,"GPR"
"793",10,5,1,4,1,256,1,1.45312732293139e-10,15084,22,793,1.24730544457716,"GPR"
"794",24,6,1,4,1,128,1,1.44226645994673e-10,9162,27,794,1.23798292113423,"GPR"
"795",6,6,1,2,2,1024,2,1.16501321248061e-10,13752,42,795,1,"GPR"
"796",6,6,1,2,1,512,1,1.19017365172127e-10,13437,32,796,1.02159669862205,"GPR"
"797",3,3,1,4,2,256,1,1.36263397941189e-10,1880,15,797,1.16962963579657,"GPR"
"798",6,6,1,4,1,256,1,1.19886821794317e-10,8697,78,798,1.02905976095368,"GPR"
"799",6,6,1,4,2,1024,8,1.20170053330998e-10,12448,17,799,1.03149090537029,"GPR"
"800",4,4,1,4,2,1024,2,1.26775681322061e-10,20540,98,800,1.08819093177598,"GPR"
"801",5,5,1,2,2,256,2,1.1931608789437e-10,21351,8,801,1.02416081308053,"GPR"
"802",12,6,2,2,1,256,8,1.39264134759537e-10,12520,20,802,1.19538674126285,"GPR"
"803",6,6,1,4,1,1024,2,1.18717485534039e-10,15493,30,803,1.01902265366809,"GPR"
"804",6,6,1,4,1,512,1,1.25632486846433e-10,16215,10,804,1.07837821494684,"GPR"
"805",24,6,1,2,1,256,1,1.47474362498301e-10,7760,31,805,1.26585999985606,"GPR"
"806",6,6,1,4,2,1024,16,1.22014273387987e-10,18743,45,806,1.04732094092038,"GPR"
"807",6,6,1,2,1,1024,8,1.17642516833282e-10,19494,32,807,1.00979555916616,"GPR"
"808",24,6,1,2,1,128,1,1.46472594060402e-10,22791,34,808,1.25726122666475,"GPR"
"809",6,6,1,4,2,512,4,1.21740913105725e-10,10916,3,809,1.0449745273404,"GPR"
"810",6,6,1,4,1,256,1,1.19886821794317e-10,8697,58,810,1.02905976095368,"GPR"
"811",24,6,2,4,1,64,1,1.41924380072479e-10,7819,29,811,1.2182212060092,"GPR"
"812",6,6,1,4,1,1024,32,1.30129748438669e-10,8243,73,812,1.11698088094288,"GPR"
"813",24,6,1,4,2,128,1,1.41490786848524e-10,10638,116,813,1.21449941797015,"GPR"
"814",24,6,1,4,2,256,4,1.43586986249427e-10,12774,63,814,1.23249234181382,"GPR"
"815",16,4,2,4,1,256,8,1.60532065402035e-10,14387,6,815,1.3779420154405,"GPR"
"816",12,6,1,2,1,128,1,1.39120748568647e-10,15288,81,816,1.19415597246681,"GPR"
"817",6,6,1,2,1,256,1,1.18202032710546e-10,19283,48,817,1.01459821609115,"GPR"
"818",6,6,1,2,1,128,4,1.17732534790262e-10,14258,101,818,1.01056823672909,"GPR"
"819",6,6,1,2,1,1024,8,1.17642516833282e-10,19494,120,819,1.00979555916616,"GPR"
"820",6,6,1,4,2,64,1,1.27565271803632e-10,15972,73,820,1.09496845561101,"GPR"
"821",6,6,1,2,2,512,8,1.18283916839785e-10,17018,48,821,1.01530107618203,"GPR"
"822",12,6,1,2,2,256,4,1.38754768806626e-10,11836,8,822,1.19101455090952,"GPR"
"823",12,6,1,2,2,256,2,1.36286375373921e-10,7935,68,823,1.169826864742,"GPR"
"824",6,6,1,4,1,1024,1,1.25373995702647e-10,19156,52,824,1.0761594320093,"GPR"
"825",24,6,1,4,2,128,1,1.41490786848524e-10,10638,65,825,1.21449941797015,"GPR"
"826",6,6,1,2,1,128,2,1.17976523819686e-10,6468,114,826,1.01266253941003,"GPR"
"827",12,6,1,4,1,256,4,1.38909952667585e-10,18141,1,827,1.19234658611133,"GPR"
"828",12,6,1,2,1,1024,2,1.54349016056111e-10,12840,83,828,1.3248692324052,"GPR"
"829",3,3,1,2,2,128,1,1.43609086375845e-10,3654,20,829,1.23268204031836,"GPR"
"830",12,6,1,4,1,1024,16,1.47185555740561e-10,12682,103,830,1.26338100000742,"GPR"
"831",24,6,1,4,2,128,1,1.41490786848524e-10,10638,83,831,1.21449941797015,"GPR"
"832",6,6,1,4,2,1024,4,1.18152943056837e-10,12719,106,832,1.01417685045184,"GPR"
"833",6,6,1,2,2,1024,2,1.16501321248061e-10,13752,116,833,1,"GPR"
"834",24,6,1,2,2,128,1,1.45516832088172e-10,6925,54,834,1.24905735427952,"GPR"
"835",6,6,1,4,2,1024,4,1.18152943056837e-10,12719,66,835,1.01417685045184,"GPR"
"836",6,6,1,2,2,1024,2,1.16501321248061e-10,13752,83,836,1,"GPR"
"837",24,6,1,4,2,128,1,1.41490786848524e-10,10638,62,837,1.21449941797015,"GPR"
"838",6,6,1,4,2,1024,2,1.18398283203908e-10,14134,104,838,1.01628275057763,"GPR"
"839",6,6,1,4,2,1024,4,1.18152943056837e-10,12719,113,839,1.01417685045184,"GPR"
"840",6,6,1,2,1,256,1,1.18202032710546e-10,19283,47,840,1.01459821609115,"GPR"
"841",5,5,1,4,1,128,1,1.21549064031158e-10,8556,111,841,1.0433277728443,"GPR"
"842",3,3,1,2,2,512,1,1.42725551340083e-10,1134,78,842,1.22509813460556,"GPR"
"843",24,6,1,4,1,256,2,1.43321809384467e-10,19560,15,843,1.23021617136253,"GPR"
"844",24,6,1,4,2,512,4,1.49836739442439e-10,14918,95,844,1.28613768356668,"GPR"
"845",16,4,2,4,2,128,2,1.60417564853027e-10,19460,11,845,1.37695918925637,"GPR"
"846",16,4,1,2,2,256,2,1.58779394716328e-10,7213,90,846,1.3628978024914,"GPR"
"847",24,6,1,4,2,64,1,1.42689184544634e-10,12001,85,847,1.22478597681147,"GPR"
"848",24,6,2,2,1,256,8,1.45587835553042e-10,11580,19,848,1.24966681916893,"GPR"
"849",12,6,2,2,2,128,1,1.38258953067267e-10,9343,21,849,1.18675867008305,"GPR"
"850",6,6,1,4,1,1024,32,1.30129748438669e-10,8243,34,850,1.11698088094288,"GPR"
"851",6,6,1,4,1,1024,4,1.18096841715479e-10,16041,39,851,1.01369529933502,"GPR"
"852",20,5,4,2,1,64,1,1.47318848173895e-10,13818,5,852,1.26452512809031,"GPR"
"853",6,6,1,2,1,512,1,1.19017365172127e-10,13437,62,853,1.02159669862205,"GPR"
"854",12,6,1,4,2,1024,4,1.44872092405152e-10,19622,87,854,1.24352317083754,"GPR"
"855",6,6,1,2,2,1024,2,1.16501321248061e-10,13752,48,855,1,"GPR"
"856",6,6,1,4,1,1024,2,1.18717485534039e-10,15493,72,856,1.01902265366809,"GPR"
"857",4,4,1,4,1,256,4,1.28845887884033e-10,2557,10,857,1.10596074365275,"GPR"
"858",6,6,1,2,1,1024,8,1.17642516833282e-10,19494,82,858,1.00979555916616,"GPR"
"859",6,6,1,2,1,256,1,1.18202032710546e-10,19283,61,859,1.01459821609115,"GPR"
"860",5,5,1,2,2,1024,4,1.22095092329485e-10,11038,24,860,1.04801465787253,"GPR"
"861",12,6,1,4,2,512,4,1.3724725336929e-10,13182,74,861,1.17807465099091,"GPR"
"862",24,6,1,4,2,128,1,1.41490786848524e-10,10638,27,862,1.21449941797015,"GPR"
"863",6,6,1,2,1,1024,1,1.28669181117226e-10,19807,57,863,1.10444396457321,"GPR"
"864",4,4,1,4,2,512,1,1.28639677617769e-10,2606,35,864,1.10419071852294,"GPR"
"865",8,4,2,2,2,1024,2,1.49591549228381e-10,20689,100,865,1.28403307040494,"GPR"
"866",6,6,1,4,2,1024,1,1.29667282018423e-10,19245,25,866,1.1130112571198,"GPR"
"867",6,6,1,2,2,1024,4,1.17842155236017e-10,12261,83,867,1.01150917408997,"GPR"
"868",6,6,1,2,1,1024,1,1.28669181117226e-10,19807,71,868,1.10444396457321,"GPR"
"869",6,6,1,4,2,128,1,1.1965589478547e-10,17968,46,869,1.02707757734946,"GPR"
"870",6,6,1,2,1,256,4,1.17149348789584e-10,9843,36,870,1.00556240508331,"GPR"
"871",6,6,1,2,1,1024,8,1.17642516833282e-10,19494,58,871,1.00979555916616,"GPR"
"872",5,5,1,4,1,1024,16,1.28140117678627e-10,18152,112,872,1.09990269900702,"GPR"
"873",24,6,1,4,2,256,4,1.43586986249427e-10,12774,39,873,1.23249234181382,"GPR"
"874",12,6,1,2,1,256,4,1.37042936332678e-10,11487,69,874,1.17632087657511,"GPR"
"875",24,6,1,4,2,256,4,1.43586986249427e-10,12774,98,875,1.23249234181382,"GPR"
"876",6,6,1,4,1,1024,2,1.18717485534039e-10,15493,106,876,1.01902265366809,"GPR"
"877",6,6,1,2,1,1024,8,1.17642516833282e-10,19494,33,877,1.00979555916616,"GPR"
"878",6,6,1,2,1,1024,8,1.17642516833282e-10,19494,25,878,1.00979555916616,"GPR"
"879",6,6,1,4,2,128,1,1.1965589478547e-10,17968,70,879,1.02707757734946,"GPR"
"880",6,6,1,2,1,1024,16,1.19644084929894e-10,12727,63,880,1.02697620634826,"GPR"
"881",6,6,1,4,1,128,2,1.18718825467539e-10,8810,39,881,1.01903415511276,"GPR"
"882",6,6,1,2,2,1024,2,1.16501321248061e-10,13752,27,882,1,"GPR"
"883",6,6,1,2,2,256,1,1.17919974204394e-10,17258,32,883,1.01217714049192,"GPR"
"884",6,6,1,4,1,1024,16,1.22460968799545e-10,13283,88,884,1.0511551928136,"GPR"
"885",6,6,1,2,2,1024,2,1.16501321248061e-10,13752,44,885,1,"GPR"
"886",4,4,1,4,2,512,2,1.23999015246297e-10,5793,62,886,1.06435715851043,"GPR"
"887",24,6,1,2,1,128,2,1.42736530572719e-10,10868,62,887,1.22519237587697,"GPR"
"888",6,6,1,4,1,1024,32,1.30129748438669e-10,8243,52,888,1.11698088094288,"GPR"
"889",6,6,1,2,2,1024,2,1.16501321248061e-10,13752,116,889,1,"GPR"
"890",6,6,1,2,2,1024,2,1.16501321248061e-10,13752,98,890,1,"GPR"
"891",6,6,1,2,2,1024,16,1.20103281224236e-10,13436,119,891,1.03091776073943,"GPR"
"892",24,6,1,2,2,64,1,1.42903142658778e-10,14242,112,892,1.22662250631905,"GPR"
"893",6,6,1,2,2,512,1,1.19115341444505e-10,7602,12,893,1.02243768713042,"GPR"
"894",5,5,1,2,1,512,4,1.17865496298058e-10,22098,20,894,1.01170952428163,"GPR"
"895",6,6,1,2,1,256,1,1.18202032710546e-10,19283,40,895,1.01459821609115,"GPR"
"896",6,6,1,2,2,256,1,1.17919974204394e-10,17258,42,896,1.01217714049192,"GPR"
"897",4,4,1,2,1,512,2,1.29209215080311e-10,2826,87,897,1.10907939666359,"GPR"
"898",24,6,1,2,1,256,4,1.43289319112263e-10,14416,51,898,1.22993728806872,"GPR"
"899",6,6,1,4,1,1024,2,1.18717485534039e-10,15493,47,899,1.01902265366809,"GPR"
"900",6,6,1,4,1,256,4,1.18527144018137e-10,22566,106,900,1.01738883944297,"GPR"
"901",6,6,1,2,2,1024,2,1.16501321248061e-10,13752,101,901,1,"GPR"
"902",6,6,1,2,1,256,1,1.18202032710546e-10,19283,42,902,1.01459821609115,"GPR"
"903",6,3,2,2,2,1024,16,1.55894411106999e-10,11438,10,903,1.33813427553375,"GPR"
"904",24,6,1,2,1,128,1,1.46472594060402e-10,22791,64,904,1.25726122666475,"GPR"
"905",6,6,1,4,2,1024,4,1.18152943056837e-10,12719,100,905,1.01417685045184,"GPR"
"906",24,6,1,2,2,128,4,1.42583344716509e-10,16276,84,906,1.22387749073602,"GPR"
"907",6,6,1,4,1,1024,4,1.18096841715479e-10,16041,62,907,1.01369529933502,"GPR"
"908",6,6,1,2,2,512,1,1.19115341444505e-10,7602,73,908,1.02243768713042,"GPR"
"909",24,6,1,2,2,64,2,1.44422834057179e-10,21585,19,909,1.23966691973961,"GPR"
"910",12,6,2,4,1,1024,8,1.47446592034656e-10,12831,19,910,1.26562162948096,"GPR"
"911",24,6,1,4,2,256,8,1.46349634157422e-10,17381,119,911,1.25620578882368,"GPR"
"912",6,6,1,4,1,256,4,1.18527144018137e-10,22566,81,912,1.01738883944297,"GPR"
"913",4,4,1,2,2,1024,2,1.30589997668649e-10,8201,52,913,1.12093147330569,"GPR"
"914",24,6,1,4,2,128,1,1.41490786848524e-10,10638,34,914,1.21449941797015,"GPR"
"915",6,6,1,2,1,1024,1,1.28669181117226e-10,19807,24,915,1.10444396457321,"GPR"
"916",24,6,1,2,1,512,4,1.49186627382953e-10,20276,117,916,1.28055738582824,"GPR"
"917",6,6,1,2,1,1024,2,1.20524986739671e-10,11920,65,917,1.03453750951924,"GPR"
"918",5,5,1,2,1,1024,32,1.26608226818731e-10,21998,3,918,1.08675357036638,"GPR"
"919",24,6,4,4,1,128,1,1.43059122228885e-10,10450,66,919,1.22796137156483,"GPR"
"920",24,6,1,2,1,256,4,1.43289319112263e-10,14416,62,920,1.22993728806872,"GPR"
"921",4,4,1,2,2,512,2,1.26998171643399e-10,4917,108,921,1.09010069828296,"GPR"
"922",6,6,1,4,2,1024,32,1.28655386741334e-10,21997,112,922,1.10432555925605,"GPR"
"923",6,6,1,4,1,1024,32,1.30129748438669e-10,8243,72,923,1.11698088094288,"GPR"
"924",6,6,1,2,2,256,2,1.1808319494789e-10,21903,60,924,1.01357816102755,"GPR"
"925",6,6,1,2,2,1024,32,1.306016079639e-10,18854,47,925,1.12103113136215,"GPR"
"926",6,6,1,2,2,512,1,1.19115341444505e-10,7602,35,926,1.02243768713042,"GPR"
"927",6,6,1,4,1,1024,4,1.18096841715479e-10,16041,46,927,1.01369529933502,"GPR"
"928",4,4,1,2,2,512,16,1.32628734769169e-10,6294,4,928,1.13843116411331,"GPR"
"929",6,6,1,2,2,128,4,1.20030993404934e-10,11085,7,929,1.03029727147349,"GPR"
"930",6,6,1,4,2,1024,2,1.18398283203908e-10,14134,53,930,1.01628275057763,"GPR"
"931",6,6,1,2,2,1024,1,1.25629960742448e-10,14403,26,931,1.07835653189674,"GPR"
"932",5,5,1,2,2,256,8,1.19692044985099e-10,7017,23,932,1.02738787597305,"GPR"
"933",6,6,1,2,1,1024,32,1.30214124849928e-10,19394,78,933,1.11770513376984,"GPR"
"934",6,6,1,2,2,1024,2,1.16501321248061e-10,13752,116,934,1,"GPR"
"935",24,6,1,4,2,128,1,1.41490786848524e-10,10638,84,935,1.21449941797015,"GPR"
"936",6,6,1,2,1,1024,1,1.28669181117226e-10,19807,45,936,1.10444396457321,"GPR"
"937",5,5,1,4,2,1024,32,1.27482458397912e-10,10562,59,937,1.09425761898844,"GPR"
"938",4,4,1,4,1,1024,32,1.32905198650076e-10,22815,15,938,1.14080421772287,"GPR"
"939",6,6,1,4,1,512,8,1.18483530341257e-10,22635,43,939,1.01701447736352,"GPR"
"940",6,6,1,4,1,1024,4,1.18096841715479e-10,16041,92,940,1.01369529933502,"GPR"
"941",20,5,4,4,1,128,4,1.49704263241121e-10,9118,91,941,1.28500056168773,"GPR"
"942",6,6,1,4,1,1024,4,1.18096841715479e-10,16041,69,942,1.01369529933502,"GPR"
"943",6,6,1,2,2,1024,8,1.18235071768955e-10,9305,31,943,1.01488180994275,"GPR"
"944",6,6,1,2,2,1024,2,1.16501321248061e-10,13752,86,944,1,"GPR"
"945",24,6,1,2,1,64,1,1.42776743657055e-10,16956,78,945,1.22553754865188,"GPR"
"946",24,6,1,2,1,128,2,1.42736530572719e-10,10868,110,946,1.22519237587697,"GPR"
"947",6,6,1,2,2,128,2,1.18080485105728e-10,11332,105,947,1.01355490084361,"GPR"
"948",6,6,1,4,1,512,2,1.19525529098963e-10,10057,100,948,1.02595857127202,"GPR"
"949",6,6,1,2,1,1024,8,1.17642516833282e-10,19494,31,949,1.00979555916616,"GPR"
"950",6,6,1,2,1,256,4,1.17149348789584e-10,9843,68,950,1.00556240508331,"GPR"
"951",6,6,1,4,2,256,2,1.19195652830312e-10,22549,78,951,1.02312704743077,"GPR"
"952",24,6,1,2,2,256,8,1.44206715142122e-10,10616,96,952,1.23781184279506,"GPR"
"953",6,6,1,2,2,128,1,1.18258966570151e-10,16588,42,953,1.01508691320631,"GPR"
"954",6,6,1,2,2,1024,2,1.16501321248061e-10,13752,62,954,1,"GPR"
"955",6,6,1,2,1,128,1,1.19599215511143e-10,17604,52,955,1.02659106549089,"GPR"
"956",6,6,1,2,2,128,2,1.18080485105728e-10,11332,104,956,1.01355490084361,"GPR"
"957",6,6,1,2,1,1024,2,1.20524986739671e-10,11920,59,957,1.03453750951924,"GPR"
"958",12,6,2,2,2,128,2,1.40234950036397e-10,17364,20,958,1.20371982509796,"GPR"
"959",12,6,1,4,2,64,2,1.3941732115394e-10,10192,9,959,1.19670163102343,"GPR"
"960",6,6,1,2,1,128,4,1.17732534790262e-10,14258,107,960,1.01056823672909,"GPR"
"961",6,6,1,2,2,1024,2,1.16501321248061e-10,13752,84,961,1,"GPR"
"962",24,6,1,4,2,128,1,1.41490786848524e-10,10638,109,962,1.21449941797015,"GPR"
"963",5,5,1,2,1,512,4,1.17865496298058e-10,22098,20,963,1.01170952428163,"GPR"
"964",6,6,1,2,2,512,4,1.1835008391896e-10,8835,1,964,1.01586902750195,"GPR"
"965",6,6,1,2,2,256,1,1.17919974204394e-10,17258,48,965,1.01217714049192,"GPR"
"966",24,6,2,2,2,128,2,1.45092534187502e-10,15247,21,966,1.24541535351829,"GPR"
"967",24,6,1,2,2,256,4,1.43133545809889e-10,9473,49,967,1.22860019334134,"GPR"
"968",5,5,1,2,1,512,4,1.17865496298058e-10,22098,53,968,1.01170952428163,"GPR"
"969",6,6,1,2,2,1024,32,1.306016079639e-10,18854,61,969,1.12103113136215,"GPR"
"970",6,6,1,2,2,512,2,1.1836397813052e-10,22975,116,970,1.01598828976791,"GPR"
"971",6,6,1,2,2,1024,2,1.16501321248061e-10,13752,97,971,1,"GPR"
"972",6,6,1,2,1,512,1,1.19017365172127e-10,13437,79,972,1.02159669862205,"GPR"
"973",6,6,1,4,1,1024,4,1.18096841715479e-10,16041,69,973,1.01369529933502,"GPR"
"974",6,6,1,2,2,1024,2,1.16501321248061e-10,13752,40,974,1,"GPR"
"975",6,6,1,2,2,512,1,1.19115341444505e-10,7602,36,975,1.02243768713042,"GPR"
"976",12,6,1,2,2,512,8,1.37483429796381e-10,22932,116,976,1.18010189346817,"GPR"
"977",6,6,1,2,2,512,1,1.19115341444505e-10,7602,83,977,1.02243768713042,"GPR"
"978",6,6,1,4,1,1024,2,1.18717485534039e-10,15493,30,978,1.01902265366809,"GPR"
"979",6,6,1,2,2,256,1,1.17919974204394e-10,17258,80,979,1.01217714049192,"GPR"
"980",24,6,1,4,1,128,2,1.41304849053931e-10,12321,38,980,1.21290340349923,"GPR"
"981",12,6,1,4,1,1024,4,1.44797891103858e-10,21342,55,981,1.24288625701974,"GPR"
"982",6,6,1,2,2,1024,2,1.16501321248061e-10,13752,117,982,1,"GPR"
"983",12,6,1,2,1,512,16,1.41391420438981e-10,21016,76,983,1.21364649708927,"GPR"
"984",3,3,1,2,1,1024,4,1.36603833125993e-10,22129,101,984,1.17255179308334,"GPR"
"985",8,4,2,2,1,256,1,1.47650342064181e-10,19908,8,985,1.26737053693834,"GPR"
"986",10,5,1,4,1,512,2,1.4625548163464e-10,9254,18,986,1.25539762182803,"GPR"
"987",6,6,1,2,2,1024,8,1.18235071768955e-10,9305,87,987,1.01488180994275,"GPR"
"988",6,6,1,2,2,1024,4,1.17842155236017e-10,12261,77,988,1.01150917408997,"GPR"
"989",6,6,1,2,1,512,16,1.20895909716785e-10,19695,107,989,1.03772136162616,"GPR"
"990",24,6,1,2,2,256,4,1.43133545809889e-10,9473,83,990,1.22860019334134,"GPR"
"991",6,6,1,4,2,512,1,1.21269798663001e-10,22822,45,991,1.0409306724066,"GPR"
"992",6,6,1,2,2,1024,2,1.16501321248061e-10,13752,100,992,1,"GPR"
"993",5,5,1,2,2,1024,2,1.23041421447138e-10,11070,14,993,1.05613756246722,"GPR"
"994",6,6,1,2,2,1024,2,1.16501321248061e-10,13752,106,994,1,"GPR"
"995",6,6,1,2,2,1024,16,1.20103281224236e-10,13436,22,995,1.03091776073943,"GPR"
"996",6,6,1,2,1,1024,8,1.17642516833282e-10,19494,54,996,1.00979555916616,"GPR"
"997",10,5,1,2,2,256,8,1.42521818439548e-10,14038,24,997,1.22334937417647,"GPR"
"998",24,6,2,2,2,64,1,1.42946633909124e-10,13905,116,998,1.22699581753887,"GPR"
"999",12,6,1,4,2,512,4,1.3724725336929e-10,13182,1,999,1.17807465099091,"GPR"
"1000",12,6,1,4,2,256,4,1.38895142986645e-10,17114,46,1000,1.19221946582821,"GPR"
